Escolaridade,Faixa etária,Eleitorado,Com biometria,Com biometria (%),Com nome social,Com deficiência,Data de carga
ANALFABETO,100 anos ou mais,6313,858,"0,1359",0,46,2022-07-11 22:32:34
ANALFABETO,16 anos,102,0,0,0,36,2022-07-11 22:32:34
ANALFABETO,17 anos,168,0,0,0,44,2022-07-11 22:32:34
ANALFABETO,18 anos,309,75,"0,2427",0,101,2022-07-11 22:32:34
ANALFABETO,19 anos,438,241,"0,5502",0,107,2022-07-11 22:32:34
ANALFABETO,20 anos,531,348,"0,6554",1,121,2022-07-11 22:32:34
ANALFABETO,21 a 24 anos,3203,2646,"0,8261",3,562,2022-07-11 22:32:34
ANALFABETO,25 a 29 anos,6047,4848,"0,8017",0,884,2022-07-11 22:32:34
ANALFABETO,30 a 34 anos,9370,7326,"0,7819",1,929,2022-07-11 22:32:34
ANALFABETO,35 a 39 anos,21221,17047,"0,8033",0,1023,2022-07-11 22:32:34
ANALFABETO,40 a 44 anos,44274,36670,"0,8283",2,1080,2022-07-11 22:32:34
ANALFABETO,45 a 49 anos,60138,50369,"0,8376",4,1218,2022-07-11 22:32:34
ANALFABETO,50 a 54 anos,73386,62698,"0,8544",3,1260,2022-07-11 22:32:34
ANALFABETO,55 a 59 anos,83844,73544,"0,8772",6,1294,2022-07-11 22:32:34
ANALFABETO,60 a 64 anos,81099,72783,"0,8975",1,1233,2022-07-11 22:32:34
ANALFABETO,65 a 69 anos,83855,74221,"0,8851",2,1213,2022-07-11 22:32:34
ANALFABETO,70 a 74 anos,89076,73623,"0,8265",0,1098,2022-07-11 22:32:34
ANALFABETO,75 a 79 anos,78097,55297,"0,7081",0,757,2022-07-11 22:32:34
ANALFABETO,80 a 84 anos,61164,36014,"0,5888",1,565,2022-07-11 22:32:34
ANALFABETO,85 a 89 anos,36303,16466,"0,4536",0,362,2022-07-11 22:32:34
ANALFABETO,90 a 94 anos,22613,6966,"0,3081",0,214,2022-07-11 22:32:34
ANALFABETO,95 a 99 anos,12082,1910,"0,1581",0,94,2022-07-11 22:32:34
ANALFABETO,Inválido,67,31,"0,4627",0,0,2022-07-11 22:32:34
ENSINO FUNDAMENTAL COMPLETO,100 anos ou mais,167,20,"0,1198",0,2,2022-07-11 22:32:34
ENSINO FUNDAMENTAL COMPLETO,16 anos,4111,0,0,15,23,2022-07-11 22:32:34
ENSINO FUNDAMENTAL COMPLETO,17 anos,5008,7,"0,0014",22,25,2022-07-11 22:32:34
ENSINO FUNDAMENTAL COMPLETO,18 anos,6471,1874,"0,2896",21,38,2022-07-11 22:32:34
ENSINO FUNDAMENTAL COMPLETO,19 anos,7259,4323,"0,5955",15,53,2022-07-11 22:32:34
ENSINO FUNDAMENTAL COMPLETO,20 anos,7118,4964,"0,6974",7,30,2022-07-11 22:32:34
ENSINO FUNDAMENTAL COMPLETO,21 a 24 anos,31816,28733,"0,9031",25,89,2022-07-11 22:32:34
ENSINO FUNDAMENTAL COMPLETO,25 a 29 anos,40778,36501,"0,8951",11,153,2022-07-11 22:32:34
ENSINO FUNDAMENTAL COMPLETO,30 a 34 anos,46094,41203,"0,8939",10,140,2022-07-11 22:32:34
ENSINO FUNDAMENTAL COMPLETO,35 a 39 anos,54108,49514,"0,9151",6,168,2022-07-11 22:32:34
ENSINO FUNDAMENTAL COMPLETO,40 a 44 anos,53124,49425,"0,9304",12,195,2022-07-11 22:32:34
ENSINO FUNDAMENTAL COMPLETO,45 a 49 anos,45928,43300,"0,9428",2,180,2022-07-11 22:32:34
ENSINO FUNDAMENTAL COMPLETO,50 a 54 anos,41576,39505,"0,9502",3,227,2022-07-11 22:32:34
ENSINO FUNDAMENTAL COMPLETO,55 a 59 anos,39864,38072,"0,955",5,230,2022-07-11 22:32:34
ENSINO FUNDAMENTAL COMPLETO,60 a 64 anos,34360,33136,"0,9644",3,324,2022-07-11 22:32:34
ENSINO FUNDAMENTAL COMPLETO,65 a 69 anos,25312,24545,"0,9697",0,473,2022-07-11 22:32:34
ENSINO FUNDAMENTAL COMPLETO,70 a 74 anos,16054,15348,"0,956",1,389,2022-07-11 22:32:34
ENSINO FUNDAMENTAL COMPLETO,75 a 79 anos,8262,7175,"0,8684",1,138,2022-07-11 22:32:34
ENSINO FUNDAMENTAL COMPLETO,80 a 84 anos,4746,3757,"0,7916",0,94,2022-07-11 22:32:34
ENSINO FUNDAMENTAL COMPLETO,85 a 89 anos,2232,1548,"0,6935",0,47,2022-07-11 22:32:34
ENSINO FUNDAMENTAL COMPLETO,90 a 94 anos,1036,573,"0,5531",0,34,2022-07-11 22:32:34
ENSINO FUNDAMENTAL COMPLETO,95 a 99 anos,407,120,"0,2948",0,15,2022-07-11 22:32:34
ENSINO FUNDAMENTAL COMPLETO,Inválido,6,4,"0,6667",0,0,2022-07-11 22:32:34
ENSINO FUNDAMENTAL INCOMPLETO,100 anos ou mais,477,68,"0,1426",0,5,2022-07-11 22:32:34
ENSINO FUNDAMENTAL INCOMPLETO,16 anos,10392,1,"0,0001",23,109,2022-07-11 22:32:34
ENSINO FUNDAMENTAL INCOMPLETO,17 anos,12665,15,"0,0012",17,159,2022-07-11 22:32:34
ENSINO FUNDAMENTAL INCOMPLETO,18 anos,21356,8313,"0,3893",37,202,2022-07-11 22:32:34
ENSINO FUNDAMENTAL INCOMPLETO,19 anos,33819,24106,"0,7128",42,177,2022-07-11 22:32:34
ENSINO FUNDAMENTAL INCOMPLETO,20 anos,35947,28404,"0,7902",30,193,2022-07-11 22:32:34
ENSINO FUNDAMENTAL INCOMPLETO,21 a 24 anos,199273,181947,"0,9131",57,674,2022-07-11 22:32:34
ENSINO FUNDAMENTAL INCOMPLETO,25 a 29 anos,239387,203485,"0,85",43,1016,2022-07-11 22:32:34
ENSINO FUNDAMENTAL INCOMPLETO,30 a 34 anos,254004,214372,"0,844",28,1030,2022-07-11 22:32:34
ENSINO FUNDAMENTAL INCOMPLETO,35 a 39 anos,300900,263912,"0,8771",23,1117,2022-07-11 22:32:34
ENSINO FUNDAMENTAL INCOMPLETO,40 a 44 anos,319528,292186,"0,9144",8,1132,2022-07-11 22:32:34
ENSINO FUNDAMENTAL INCOMPLETO,45 a 49 anos,280284,262273,"0,9357",13,1289,2022-07-11 22:32:34
ENSINO FUNDAMENTAL INCOMPLETO,50 a 54 anos,245938,233678,"0,9502",11,1303,2022-07-11 22:32:34
ENSINO FUNDAMENTAL INCOMPLETO,55 a 59 anos,208378,200284,"0,9612",8,1273,2022-07-11 22:32:34
ENSINO FUNDAMENTAL INCOMPLETO,60 a 64 anos,157242,152660,"0,9709",5,1254,2022-07-11 22:32:34
ENSINO FUNDAMENTAL INCOMPLETO,65 a 69 anos,107209,104343,"0,9733",2,1664,2022-07-11 22:32:34
ENSINO FUNDAMENTAL INCOMPLETO,70 a 74 anos,72504,69796,"0,9627",0,1219,2022-07-11 22:32:34
ENSINO FUNDAMENTAL INCOMPLETO,75 a 79 anos,38678,34399,"0,8894",2,605,2022-07-11 22:32:34
ENSINO FUNDAMENTAL INCOMPLETO,80 a 84 anos,20333,16498,"0,8114",1,304,2022-07-11 22:32:34
ENSINO FUNDAMENTAL INCOMPLETO,85 a 89 anos,8638,6150,"0,712",0,148,2022-07-11 22:32:34
ENSINO FUNDAMENTAL INCOMPLETO,90 a 94 anos,3752,2008,"0,5352",0,74,2022-07-11 22:32:34
ENSINO FUNDAMENTAL INCOMPLETO,95 a 99 anos,1434,455,"0,3173",0,16,2022-07-11 22:32:34
ENSINO FUNDAMENTAL INCOMPLETO,Inválido,30,25,"0,8333",0,0,2022-07-11 22:32:34
ENSINO MÉDIO COMPLETO,100 anos ou mais,117,29,"0,2479",0,2,2022-07-11 22:32:34
ENSINO MÉDIO COMPLETO,16 anos,1074,0,0,10,4,2022-07-11 22:32:34
ENSINO MÉDIO COMPLETO,17 anos,5473,0,0,16,18,2022-07-11 22:32:34
ENSINO MÉDIO COMPLETO,18 anos,32401,461,"0,0142",78,122,2022-07-11 22:32:34
ENSINO MÉDIO COMPLETO,19 anos,38322,3541,"0,0924",110,204,2022-07-11 22:32:34
ENSINO MÉDIO COMPLETO,20 anos,42735,17706,"0,4143",72,179,2022-07-11 22:32:34
ENSINO MÉDIO COMPLETO,21 a 24 anos,229496,207758,"0,9053",156,361,2022-07-11 22:32:34
ENSINO MÉDIO COMPLETO,25 a 29 anos,438738,425388,"0,9696",135,731,2022-07-11 22:32:34
ENSINO MÉDIO COMPLETO,30 a 34 anos,420100,407646,"0,9704",75,778,2022-07-11 22:32:34
ENSINO MÉDIO COMPLETO,35 a 39 anos,449599,437228,"0,9725",51,835,2022-07-11 22:32:34
ENSINO MÉDIO COMPLETO,40 a 44 anos,394412,383910,"0,9734",43,866,2022-07-11 22:32:34
ENSINO MÉDIO COMPLETO,45 a 49 anos,270470,263314,"0,9735",28,773,2022-07-11 22:32:34
ENSINO MÉDIO COMPLETO,50 a 54 anos,206421,201153,"0,9745",21,753,2022-07-11 22:32:34
ENSINO MÉDIO COMPLETO,55 a 59 anos,167713,163616,"0,9756",15,756,2022-07-11 22:32:34
ENSINO MÉDIO COMPLETO,60 a 64 anos,125313,122429,"0,977",7,783,2022-07-11 22:32:34
ENSINO MÉDIO COMPLETO,65 a 69 anos,83636,81870,"0,9789",8,1276,2022-07-11 22:32:34
ENSINO MÉDIO COMPLETO,70 a 74 anos,48953,47519,"0,9707",1,952,2022-07-11 22:32:34
ENSINO MÉDIO COMPLETO,75 a 79 anos,21827,19983,"0,9155",0,400,2022-07-11 22:32:34
ENSINO MÉDIO COMPLETO,80 a 84 anos,10288,8809,"0,8562",0,223,2022-07-11 22:32:34
ENSINO MÉDIO COMPLETO,85 a 89 anos,3948,3224,"0,8166",0,102,2022-07-11 22:32:34
ENSINO MÉDIO COMPLETO,90 a 94 anos,1421,991,"0,6974",0,43,2022-07-11 22:32:34
ENSINO MÉDIO COMPLETO,95 a 99 anos,360,163,"0,4528",0,9,2022-07-11 22:32:34
ENSINO MÉDIO COMPLETO,Inválido,10,10,1,0,0,2022-07-11 22:32:34
ENSINO MÉDIO INCOMPLETO,100 anos ou mais,22,4,"0,1818",0,0,2022-07-11 22:32:34
ENSINO MÉDIO INCOMPLETO,16 anos,53167,0,0,94,210,2022-07-11 22:32:34
ENSINO MÉDIO INCOMPLETO,17 anos,83704,40,"0,0005",189,407,2022-07-11 22:32:34
ENSINO MÉDIO INCOMPLETO,18 anos,91488,20532,"0,2244",183,483,2022-07-11 22:32:34
ENSINO MÉDIO INCOMPLETO,19 anos,98168,57515,"0,5859",150,329,2022-07-11 22:32:34
ENSINO MÉDIO INCOMPLETO,20 anos,105905,81188,"0,7666",103,298,2022-07-11 22:32:34
ENSINO MÉDIO INCOMPLETO,21 a 24 anos,405534,380368,"0,9379",132,526,2022-07-11 22:32:34
ENSINO MÉDIO INCOMPLETO,25 a 29 anos,252176,218256,"0,8655",58,531,2022-07-11 22:32:34
ENSINO MÉDIO INCOMPLETO,30 a 34 anos,165871,139113,"0,8387",35,371,2022-07-11 22:32:34
ENSINO MÉDIO INCOMPLETO,35 a 39 anos,138921,123233,"0,8871",20,358,2022-07-11 22:32:34
ENSINO MÉDIO INCOMPLETO,40 a 44 anos,100194,92728,"0,9255",13,294,2022-07-11 22:32:34
ENSINO MÉDIO INCOMPLETO,45 a 49 anos,65611,61603,"0,9389",5,285,2022-07-11 22:32:34
ENSINO MÉDIO INCOMPLETO,50 a 54 anos,50945,48187,"0,9459",1,246,2022-07-11 22:32:34
ENSINO MÉDIO INCOMPLETO,55 a 59 anos,39104,37411,"0,9567",3,220,2022-07-11 22:32:34
ENSINO MÉDIO INCOMPLETO,60 a 64 anos,26754,25876,"0,9672",1,223,2022-07-11 22:32:34
ENSINO MÉDIO INCOMPLETO,65 a 69 anos,16488,16015,"0,9713",0,297,2022-07-11 22:32:34
ENSINO MÉDIO INCOMPLETO,70 a 74 anos,8895,8572,"0,9637",0,181,2022-07-11 22:32:34
ENSINO MÉDIO INCOMPLETO,75 a 79 anos,3683,3312,"0,8993",0,80,2022-07-11 22:32:34
ENSINO MÉDIO INCOMPLETO,80 a 84 anos,1707,1403,"0,8219",0,26,2022-07-11 22:32:34
ENSINO MÉDIO INCOMPLETO,85 a 89 anos,606,446,"0,736",0,19,2022-07-11 22:32:34
ENSINO MÉDIO INCOMPLETO,90 a 94 anos,260,165,"0,6346",0,7,2022-07-11 22:32:34
ENSINO MÉDIO INCOMPLETO,95 a 99 anos,76,23,"0,3026",0,3,2022-07-11 22:32:34
ENSINO MÉDIO INCOMPLETO,Inválido,8,4,"0,5",0,0,2022-07-11 22:32:34
LÊ E ESCREVE,100 anos ou mais,5608,290,"0,0517",0,27,2022-07-11 22:32:34
LÊ E ESCREVE,16 anos,411,0,0,3,8,2022-07-11 22:32:34
LÊ E ESCREVE,17 anos,575,0,0,4,13,2022-07-11 22:32:34
LÊ E ESCREVE,18 anos,733,122,"0,1664",8,25,2022-07-11 22:32:34
LÊ E ESCREVE,19 anos,918,392,"0,427",5,25,2022-07-11 22:32:34
LÊ E ESCREVE,20 anos,1065,584,"0,5484",5,31,2022-07-11 22:32:34
LÊ E ESCREVE,21 a 24 anos,6001,4913,"0,8187",7,140,2022-07-11 22:32:34
LÊ E ESCREVE,25 a 29 anos,13065,10704,"0,8193",4,279,2022-07-11 22:32:34
LÊ E ESCREVE,30 a 34 anos,22979,19343,"0,8418",2,352,2022-07-11 22:32:34
LÊ E ESCREVE,35 a 39 anos,56887,49547,"0,871",4,492,2022-07-11 22:32:34
LÊ E ESCREVE,40 a 44 anos,114361,102588,"0,8971",4,656,2022-07-11 22:32:34
LÊ E ESCREVE,45 a 49 anos,145577,133608,"0,9178",4,757,2022-07-11 22:32:34
LÊ E ESCREVE,50 a 54 anos,168037,156850,"0,9334",7,893,2022-07-11 22:32:34
LÊ E ESCREVE,55 a 59 anos,191434,181793,"0,9496",8,1012,2022-07-11 22:32:34
LÊ E ESCREVE,60 a 64 anos,184895,178010,"0,9628",3,1078,2022-07-11 22:32:34
LÊ E ESCREVE,65 a 69 anos,162024,155748,"0,9613",3,1417,2022-07-11 22:32:34
LÊ E ESCREVE,70 a 74 anos,142118,131771,"0,9272",1,1308,2022-07-11 22:32:34
LÊ E ESCREVE,75 a 79 anos,105197,83621,"0,7949",0,820,2022-07-11 22:32:34
LÊ E ESCREVE,80 a 84 anos,72960,47146,"0,6462",0,550,2022-07-11 22:32:34
LÊ E ESCREVE,85 a 89 anos,40766,19873,"0,4875",0,397,2022-07-11 22:32:34
LÊ E ESCREVE,90 a 94 anos,24389,7220,"0,296",0,245,2022-07-11 22:32:34
LÊ E ESCREVE,95 a 99 anos,12768,1573,"0,1232",0,91,2022-07-11 22:32:34
LÊ E ESCREVE,Inválido,45,26,"0,5778",0,2,2022-07-11 22:32:34
NÃO INFORMADO,100 anos ou mais,86,0,0,0,0,2022-07-11 22:32:34
NÃO INFORMADO,45 a 49 anos,17,0,0,0,0,2022-07-11 22:32:34
NÃO INFORMADO,50 a 54 anos,38,0,0,0,0,2022-07-11 22:32:34
NÃO INFORMADO,55 a 59 anos,54,0,0,0,1,2022-07-11 22:32:34
NÃO INFORMADO,60 a 64 anos,25,0,0,0,0,2022-07-11 22:32:34
NÃO INFORMADO,65 a 69 anos,31,0,0,0,0,2022-07-11 22:32:34
NÃO INFORMADO,70 a 74 anos,51,0,0,0,0,2022-07-11 22:32:34
NÃO INFORMADO,75 a 79 anos,150,0,0,0,0,2022-07-11 22:32:34
NÃO INFORMADO,80 a 84 anos,226,0,0,0,0,2022-07-11 22:32:34
NÃO INFORMADO,85 a 89 anos,221,0,0,0,1,2022-07-11 22:32:34
NÃO INFORMADO,90 a 94 anos,215,0,0,0,2,2022-07-11 22:32:34
NÃO INFORMADO,95 a 99 anos,185,0,0,0,0,2022-07-11 22:32:34
SUPERIOR COMPLETO,100 anos ou mais,41,11,"0,2683",0,1,2022-07-11 22:32:34
SUPERIOR COMPLETO,16 anos,9,0,0,0,0,2022-07-11 22:32:34
SUPERIOR COMPLETO,17 anos,28,0,0,0,0,2022-07-11 22:32:34
SUPERIOR COMPLETO,18 anos,99,1,"0,0101",1,1,2022-07-11 22:32:34
SUPERIOR COMPLETO,19 anos,125,5,"0,04",0,3,2022-07-11 22:32:34
SUPERIOR COMPLETO,20 anos,159,36,"0,2264",0,1,2022-07-11 22:32:34
SUPERIOR COMPLETO,21 a 24 anos,2645,2329,"0,8805",6,8,2022-07-11 22:32:34
SUPERIOR COMPLETO,25 a 29 anos,48011,46248,"0,9633",25,90,2022-07-11 22:32:34
SUPERIOR COMPLETO,30 a 34 anos,116763,113741,"0,9741",15,175,2022-07-11 22:32:34
SUPERIOR COMPLETO,35 a 39 anos,156535,152507,"0,9743",30,233,2022-07-11 22:32:34
SUPERIOR COMPLETO,40 a 44 anos,155800,152159,"0,9766",14,274,2022-07-11 22:32:34
SUPERIOR COMPLETO,45 a 49 anos,113114,110796,"0,9795",16,262,2022-07-11 22:32:34
SUPERIOR COMPLETO,50 a 54 anos,85371,83877,"0,9825",10,231,2022-07-11 22:32:34
SUPERIOR COMPLETO,55 a 59 anos,68819,67725,"0,9841",5,194,2022-07-11 22:32:34
SUPERIOR COMPLETO,60 a 64 anos,48999,48210,"0,9839",4,245,2022-07-11 22:32:34
SUPERIOR COMPLETO,65 a 69 anos,35215,34669,"0,9845",1,479,2022-07-11 22:32:34
SUPERIOR COMPLETO,70 a 74 anos,24330,23804,"0,9784",0,461,2022-07-11 22:32:34
SUPERIOR COMPLETO,75 a 79 anos,12487,11779,"0,9433",0,265,2022-07-11 22:32:34
SUPERIOR COMPLETO,80 a 84 anos,5708,5191,"0,9094",0,125,2022-07-11 22:32:34
SUPERIOR COMPLETO,85 a 89 anos,2203,1941,"0,8811",0,65,2022-07-11 22:32:34
SUPERIOR COMPLETO,90 a 94 anos,711,559,"0,7862",0,25,2022-07-11 22:32:34
SUPERIOR COMPLETO,95 a 99 anos,183,125,"0,6831",0,9,2022-07-11 22:32:34
SUPERIOR COMPLETO,Inválido,1,1,1,0,0,2022-07-11 22:32:34
SUPERIOR INCOMPLETO,100 anos ou mais,8,1,"0,125",0,0,2022-07-11 22:32:34
SUPERIOR INCOMPLETO,16 anos,156,0,0,0,0,2022-07-11 22:32:34
SUPERIOR INCOMPLETO,17 anos,505,1,"0,002",0,4,2022-07-11 22:32:34
SUPERIOR INCOMPLETO,18 anos,2460,52,"0,0211",3,13,2022-07-11 22:32:34
SUPERIOR INCOMPLETO,19 anos,4107,401,"0,0976",8,28,2022-07-11 22:32:34
SUPERIOR INCOMPLETO,20 anos,5693,2251,"0,3954",11,25,2022-07-11 22:32:34
SUPERIOR INCOMPLETO,21 a 24 anos,41227,37835,"0,9177",33,69,2022-07-11 22:32:34
SUPERIOR INCOMPLETO,25 a 29 anos,112402,109884,"0,9776",44,165,2022-07-11 22:32:34
SUPERIOR INCOMPLETO,30 a 34 anos,70501,68221,"0,9677",17,102,2022-07-11 22:32:34
SUPERIOR INCOMPLETO,35 a 39 anos,56222,54198,"0,964",12,128,2022-07-11 22:32:34
SUPERIOR INCOMPLETO,40 a 44 anos,43615,42030,"0,9637",8,110,2022-07-11 22:32:34
SUPERIOR INCOMPLETO,45 a 49 anos,26373,25420,"0,9639",7,75,2022-07-11 22:32:34
SUPERIOR INCOMPLETO,50 a 54 anos,17184,16617,"0,967",0,68,2022-07-11 22:32:34
SUPERIOR INCOMPLETO,55 a 59 anos,13374,12919,"0,966",3,84,2022-07-11 22:32:34
SUPERIOR INCOMPLETO,60 a 64 anos,9754,9443,"0,9681",2,73,2022-07-11 22:32:34
SUPERIOR INCOMPLETO,65 a 69 anos,6620,6433,"0,9718",1,118,2022-07-11 22:32:34
SUPERIOR INCOMPLETO,70 a 74 anos,3844,3726,"0,9693",0,65,2022-07-11 22:32:34
SUPERIOR INCOMPLETO,75 a 79 anos,1416,1286,"0,9082",0,20,2022-07-11 22:32:34
SUPERIOR INCOMPLETO,80 a 84 anos,521,454,"0,8714",0,16,2022-07-11 22:32:34
SUPERIOR INCOMPLETO,85 a 89 anos,186,132,"0,7097",0,3,2022-07-11 22:32:34
SUPERIOR INCOMPLETO,90 a 94 anos,54,31,"0,5741",0,2,2022-07-11 22:32:34
SUPERIOR INCOMPLETO,95 a 99 anos,19,5,"0,2632",0,0,2022-07-11 22:32:34