ZONA,MUNICÍPIO,NOME_LOCAL,ENDEREÇO_LOCAL,BAIRRO_LOCAL,CEP,NÚMERO_DAS_SEÇÕES,SEÇÕES,APTOS
1,SALVADOR,CABANA DA BARRA,AV. AFONSO CELSO 1 - ZONA URBANA,BARRA,40140080,"40,41,272,275,320",5,2202
1,SALVADOR,BAHIA BRITSH CLUB (CLUBE INGLÊS),RUA BANCO DOS INGLESES 20 - ZONA URBANA,CAMPO GRANDE,40080040,"61,70,71,72,73,74",6,2071
1,SALVADOR,COLÉGIO ESTADUAL DEPUTADO MANOEL NOVAES,"AV. ARAÚJO PINHO, 30 - ZONA URBANA",CANELA,40110150,"42,43,44,45,75,76,77,78,92,93,94,95,96,103,123,124,132,133,134,326,339",21,6584
1,SALVADOR,PAVILHÃO DE AULAS DO CANELA - UFBA,"RUA REITOR MIGUEL CALMON, S/N- ZONA URBANA",CANELA,40110904,"11,12,13,14,15,16,80,81,82,83,84,220,221",13,3987
1,SALVADOR,ESCOLA DE BELAS ARTES,AV. ARAÚJO PINHO 212 - ZONA URBANA,CANELA,40110150,"24,35,36,37,38,89,90,91",8,2695
1,SALVADOR,FACULDADE DE DIREITO DA UFBA,RUA DA PAZ S/N - ZONA URBANA,GRAÇA,40150140,"29,30,31,32,33,34,62,63,98,99,100,101,102,222,223,224,232,240,241,325",20,7590
1,SALVADOR,FACULDADE DE EDUCAÇÃO DA UFBA,"RUA REITOR MIGUEL CALMON, S/N - ZONA URBANA",CANELA,40110904,"17,18,19,20,242,243,244,245,246,283",10,2915
1,SALVADOR,ESCOLA SANTA TEREZINHA,"RUA DEOCLECIANO, N 09 - ZONA URBANA",CHAME-CHAME,40150400,104.105.106.248,4,1783
1,SALVADOR,ESCOLA DE ADMINISTRAÇÃO DA UFBA,"RUA REITOR MIGUEL CALMON, S/Nº - ZONA URBANA",CANELA,40110100,"202,203,204,205,206,207,208,315,327,328,330,332,333,336",14,4794
1,SALVADOR,ASSOCIAÇÃO CIVIL CASA D'ITÁLIA,AV. SETE DE SETEMBRO 1238 - ZONA URBANA,CAMPO GRANDE,40080121,"27,28,234,235,236",5,2224
1,SALVADOR,ESCOLA DE NUTRIÇÃO DA UFBA,"RUA ARAÚJO PINHO, 32 - ZONA URBANA",CANELA,40110150,"9,10,25,26,227,228,229,230,231,237,238,239,329",13,3938
1,SALVADOR,ASSOCIAÇÃO ATLÉTICA DA BAHIA,"RUA BARÃO DE ITAPUÃ, N 218 - ZONA URBANA",BARRA,40140060,"270,273,276,280,281,282,314,321,324,340,341,342,343",13,5757
1,SALVADOR,COLÉGIO DO SS SACRAMENTO - SACRAMENTINAS,"AV LEOVIGILDO FILGUEIRAS, N 1211 - ZONA URBANA",GARCIA,40100000,"344,345,346,347,348,349,350",7,2402
1,SALVADOR,COLÉGIO ANTÔNIO VIEIRA,AV. LEOVIGILDO FILGUEIRAS 683 - ZONA URBANA,GARCIA,40100000,"357,358,359,360,361,362,363,364,365,366,367,368,369,370,371,372,373,374,375,376,377,378,379,380",24,7102
1,SALVADOR,CENTRO EDUCACIONAL EDGARD SANTOS,RUA PREDILIANO PITA S/N - ZONA URBANA,GARCIA,40100200,"381,382,383,384,385,386,387,388,389,390,391,392,393",13,4561
1,SALVADOR,COLÉGIO NOSSA SENHORA DAS MERCÊS,"AVENIDA SETE DE SETEMBRO, N 1105 - ZONA URBANA",POLITEAMA,40060000,409.410.411.412.413,5,1986
1,SALVADOR,ESCOLA MUNICIPAL HILDETE LOMANTO,RUA PREDILIANO PITTA 01 - ZONA URBANA,GARCIA,40100200,"419,420,421,422,423,425",6,2026
1,SALVADOR,SUPERINTENDÊNCIA FEDERAL DE AGRICULTURA - SFA,"LARGO DOS AFLITOS,S/N, ED. CERES - ZONA URBANA",AFLITOS,40060030,439.442.443.444,4,1406
1,SALVADOR,ESCOLA ESTADUAL AZEVEDO FERNANDES,"LARGO DO PELOURINHO, 11 - ZONA URBANA",PELOURINHO,40026280,449.450.451.452,4,1381
1,SALVADOR,ESCOLA MUNICIPAL VIVALDO DA COSTA LIMA,"RUA DO PASSO, N 57 - LARGO DO CARMO - ZONA URBANA",PELOURINHO,40301408,457,1,400
1,SALVADOR,COLÉGIO DE SÃO BENTO,"RUA DO PARAISO, 149 - ZONA URBANA",SÃO PEDRO,40040000,"465,466,467,468,469,470",6,1986
1,SALVADOR,FACULDADE DE CIÊNCIAS ECONÔMICAS DA UFBA,"PRAÇA DA PIEDADE, 13 - ZONA URBANA",PIEDADE,40060300,441.475.476.477,4,1174
1,SALVADOR,CLUBE ESPANHOL,"AV OCEÂNICA, 1404 - ZONA URBANA",BARRA,40150140,"1,2,3,4,5,6,7,59,60,64,65,225",12,5331
2,SALVADOR,COLÉGIO MANOEL DEVOTO,RUA OSWALDO CRUZ S/N - ZONA URBANA,RIO VERMELHO,41940000,"7,8,9,10,11,12,13,14,15,333,343,349,350,353,354,358,359,360,362,363,364,366,371,379,387,390,397,398,399,401,506",31,12033
2,SALVADOR,ESCOLA OSWALDO CRUZ,"RUA DO MEIO, N 13 - ZONA URBANA",RIO VERMELHO,41940426,"40,41,42,43,44,273,356,509",8,2521
2,SALVADOR,ESCOLA ALFREDO MAGALHÃES,RUA IPIRÁ S/N - ZONA URBANA,RIO VERMELHO,41940230,"45,46,49,50,51,52,274,320,327,347,367,380,385,393,395,508",16,3946
2,SALVADOR,COLÉGIO ESTADUAL EURICLES DE MATOS,RUA OSWALDO CRUZ 16 - ZONA URBANA,RIO VERMELHO,41940000,"21,31,32,33,34,35,309,337,361,377,382,386,551",13,3934
2,SALVADOR,ESCOLA MÁRIO COSTA NETO,RUA ENG. JAIME ZAVERUCHA S/N - ZONA URBANA,PARQUE SÃO BRÁS,40230320,"404,405,406,407,408,409,410,411",8,3534
2,SALVADOR,CEEBA - CENTRO DE EDUCAÇÃO ESPECIAL DA BAHIA,"RUA RAYMUNDO PEREIRA DE MAGALHÃES, S/N - ZONA URBANA",ONDINA,40170155,"412,413,414,415,416,417,418,419,420,421,422,423,424,550",14,3959
2,SALVADOR,ESCOLA ESTADUAL IACY VAZ FAGUNDES,"RUA SÉRGIO DE CARVALHO,128-E - ZONA URBANA",FEDERAÇÃO,40230680,"430,431,432,433,434,545,548,554",8,3379
2,SALVADOR,UNIVERSIDADE CATÓLICA DO SALVADOR (UCSAL),"AVENIDA CARDEAL DA SILVA, 205 - ZONA URBANA",FEDERAÇÃO,40231250,"455,456,457,458,459,460,461,462,463,464,465,466,467,468,469,470,547",17,5969
2,SALVADOR,ESCOLA MUNICIPAL CIDADE DE JEQUIÉ,AV. CARDEAL DA SILVA 152 - ZONA URBANA,FEDERAÇÃO,40220141,"471,472,473,474,475,476",6,2662
2,SALVADOR,COLÉGIO ESTADUAL EVARISTO DA VÊIGA,AV. GARIBALDI 393 - ZONA URBANA,ONDINA,40170130,"435,477,478,479,480,481,482,483,484,485,486,487,488,489,546",15,6620
2,SALVADOR,COLÉGIO ESTADUAL HENRIQUETA MARTINS CATHARINO,"RUA HENRIQUETA MARTINS CATHARINO,158 - ZONA URBANA",FEDERAÇÃO,40230101,"425,490,491,492,493,494,495,496,497,498,499,549,552",13,5482
2,SALVADOR,ESCOLA MEDALHA MILAGROSA,TV. LÍDIO MESQUITA 15 - ZONA URBANA,RIO VERMELHO,41950420,500.501.502.503.504,5,2173
2,SALVADOR,FACULDADE DE ARQUITETURA DA UFBA,RUA CAETANO MOURA 121 - ZONA URBANA,FEDERAÇÃO,40210905,"511,512,513,514,515,516,517,518,519,520,521,522,536,553",14,5295
2,SALVADOR,ESCOLA POLITÉCNICA UFBA,"RUA PROFESSOR ARISTIDES NOVIS, N 02 - ZONA URBANA",FEDERAÇÃO,40170160,"523,524,525,526,527,528,529,530,531,532,533,534,535",13,5420
2,SALVADOR,ESCOLA MUNICIPAL CASA DA AMIZADE,"RUA QUINTINO DE CARVALHO, 277 - ZONA URBANA",ONDINA,40155280,"537,538,539,540,541,542,543,544",8,2304
2,SALVADOR,UFBA - ONDINA - PAVILHÃO DE AULAS - PAF 1,"AV. MILTON SANTOS (ANTIGA AV. ADHEMAR DE BARROS), S/N - ZONA URBANA",ONDINA,40170110,"103,104,105,106,107,108,427,428,429,436,437,438,439,440,441,442,443,444,445,446,447,448,449,450,451,452,453,454",28,9426
2,SALVADOR,UFBA - ONDINA - PAVILHÃO DE AULAS - PAF 3,"AV. MILTON SANTOS (ANTIGA AV. ADHEMAR DE BARROS), S/N - ZONA URBANA",ONDINA,40170110,"16,17,18,19,20,22,23,24,25,26,27,28,29,30,47,48,101,102,109,110,111,112,113,114,115,116,117,142,310,338,375,383,392,403,
505",35,12542
3,SALVADOR,CECR - CLASSE I,"RUA DO PERO VAZ, 148 - ZONA URBANA",PERO VAZ,40335000,"166,285,287,289,293,298,305,329,333,350,353,355,594",13,5793
3,SALVADOR,CECR - CLASSE II,"RUA VÍTOR SERRA, FIM DE LINHA DO PERO VAZ - ZONA URBANA",PERO VAZ,40340290,"129,130,131,132,133,134,135,136,137,138,139,151,596,607",14,6242
3,SALVADOR,COLÉGIO ESTADUAL ÁLVARO AUGUSTO DA SILVA,RUA CONDE DE PORTO ALEGRE 106 - ZONA URBANA,IAPI,40330200,"229,230,231,232,233,234,235,332,334",9,4007
3,SALVADOR,ESCOLA MUNICIPAL CARDEAL DA SILVA,"RUA DO LIMITE, 140 IAPI - ZONA URBANA",IAPI,40330515,"236,237,238,239,240,241,242,243,244,245,246,247,248,331",14,4435
3,SALVADOR,SESI-RETIRO - ESCOLA REITOR MIGUEL CALMON,PRAÇA VISCONDE DE MONTE ALEGRE S/N LARGO DO RETIRO - ZONA URBANA,FAZENDA GRANDE DO RETIRO,40354190,"249,250,251,252,253,254,255,256,257,258,259,260,261,301,307",15,5370
3,SALVADOR,COLÉGIO ESTADUAL HELENA CELESTINO MAGALHÃES,"RUA DESEMBARGADOR JOSÉ MACIEL DOS SANTOS, S/N, IAPI - ZONA URBANA",IAPI,40330475,"354,356,357,358,359,364,597,600,605",9,3226
3,SALVADOR,CENTRO EDUCACIONAL EMMANUEL KANT,"RUA CONDE PORTO ALEGRE, 154 - ZONA URBANA",IAPI,40330200,"360,361,363,365,465,467,583,585,587,589,592",11,4914
3,SALVADOR,COLÉGIO ESTADUAL MARQUÊS DE MARICÁ,RUA MARQUÊS DE MARICÁ S/N - ZONA URBANA,PAU MIÚDO,40310000,"380,381,382,383,384,385,386,387,388,389",10,4472
3,SALVADOR,ESCOLA PROFESSORA CANDOLINA,RUA MARQUÊS DE MARICÁ S/N - ZONA URBANA,PAU MIÚDO,40310300,"404,405,406,407,408,409,410,411,412,413,414,415",12,4620
3,SALVADOR,ESCOLA MUNICIPAL JULIETA VIANA,"AVENIDA BARROS REIS, 257 - ZONA URBANA",PAU MIÚDO,40310010,"418,419,420,421,422,423,424,425",8,3294
3,SALVADOR,COLÉGIO ESTADUAL PRINCESA IZABEL,"RUA PRIMEIRO DE JANEIRO, 37 - ZONA URBANA",CIDADE NOVA,40313120,"427,428,429,430,431,432,433,434,435,436,437,438,439,440",14,6168
3,SALVADOR,ESCOLA MUNICIPAL DO PAU MIÚDO,"RUA VINTE DE AGOSTO, S/N - ZONA URBANA",PAU MIÚDO,40310610,"416,417,449,464,591,595,602",7,2395
3,SALVADOR,CECR - ESCOLA CLASSE III,"RUA MARQUÊS DE MARICÁ, 195 - ZONA URBANA",PAU MIÚDO,40310000,"374,375,376,377,378,379,441,442,443,444,445,446,461,462",14,5435
3,SALVADOR,ESCOLA MUNICIPAL DA CIDADE NOVA,"RUA WANDERLEI DE ALMEIDA, 19 - ZONA URBANA",CIDADE NOVA,40313710,"469,470,471,472,473,474,475,476,477,478,479,480",12,3676
3,SALVADOR,ESCOLA MUNICIPAL JAQUEIRA DO CARNEIRO,"RUA JAQUEIRA DO CARNEIRO, 83 FAZ GRANDE DO RETIRO - ZONA URBANA",FAZENDA GRANDE DO RETIRO,40353000,"481,482,483,484,485,486,487,586",8,3084
3,SALVADOR,COLÉGIO ESTADUAL RUBEN DARIO,"AVENIDA GENERAL SAN MARTIN, 342 - ZONA URBANA",SAN MARTIN,40354185,"488,489,490,491,492,493,494,495,496,497,498,499,500,501,502,503,582",17,6716
3,SALVADOR,COLÉGIO ESTADUAL DOIS DE JULHO,"RUA MELO MORAES FILHO, 311, FAZ GRANDE DO RETIRO - ZONA URBANA",FAZENDA GRANDE DO RETIRO,40352000,"505,506,507,508,509,510,511,512,513,514,515,516,517,518,519,520",16,7128
3,SALVADOR,COLÉGIO ESTADUAL BENTO GONÇALVES,"RUA MELO MORAES FILHO, 536, FAZ GRANDE DO RETIRO - ZONA URBANA",FAZENDA GRANDE DO RETIRO,40352000,"521,522,523,524,525,526,527,528,529,530,531,532,533,534,535",15,6683
3,SALVADOR,ESCOLA ESTADUAL DOM AVELAR BRANDÃO VILELA,RUA MELO MORAES FILHO 423 FAZ GRANDE DO RETIRO - ZONA URBANA,FAZENDA GRANDE DO RETIRO,40352000,"536,537,538,539,540,541,542,543,544,545",10,4127
3,SALVADOR,ESCOLA MUNICIPAL DE FAZENDA GRANDE,"RUA OROZI, S/N, FIM DE LINHA FAZ GRANDE RETIRO ZONA URBANA",FAZENDA GRANDE DO RETIRO,40353165,"546,547,548,549,550,551,552,553,554,555,556,584",12,5038
3,SALVADOR,COLÉGIO MODELO LUÍS EDUARDO MAGALHÃES,AVENIDA GENERAL SAN MARTIN S/N FAZ GRANDE DO RETIRO- ZONA URBANA,SAN MARTIN,40355000,"504,557,558,559,560,561,562,563,564,565,566,567,568,569,570,571,572,573,574,575,576,577,578,579,580,581,588,590",28,10975
3,SALVADOR,ESCOLA MUNICIPAL 15 DE OUTUBRO,"RUA DO CALAFATE, S/N, PX GUARDA MUNICIPAL - ZONA URBANA",FAZENDA GRANDE DO RETIRO,40354100,593.598.599.601,4,1434
3,SALVADOR,CENTRO ESCOLAR ANAMÉLIA,RUA MELO MORAES FILHO 261 FAZENDA GRANDE DO RETIRO - ZONA URBANA,FAZENDA GRANDE DO RETIRO,40352000,603.604.606.608,4,1544
4,SALVADOR,ESCOLA ESTADUAL ANFRÍSIA SANTIAGO,RUA AFRÂNIO PEIXOTO S/N - ZONA URBANA,PERIPERI,40740360,"158,159,160,161,162,163,164,165,306,314,323,341,344,347,352",15,4774
4,SALVADOR,ESCOLA CID PASSOS - FIEB/SESI,RUA DA LAGOA S/N - ZONA URBANA,COUTOS,40740170,"172,173,174,175,176,177,295,383,393,394",10,3190
4,SALVADOR,COMPLEXO ESCOLAR ALMIRANTE BARROSO,RUA ALMIRANTE TAMANDARÉ S/N - ZONA URBANA,PARIPE,40800480,"178,179,180,181,182,183,184,185,186,187,302,340,345,387,390,456,457,458",18,8040
4,SALVADOR,ESCOLA MUNICIPAL DE PARIPE,"RUA TUPI, 111 - ZONA URBANA",PARIPE,41750020,"188,189,190,218,219,258,277,278,309,315,320,350,367,377,465,575,580",17,6799
4,SALVADOR,COLÉGIO BARROS BARRETO,RUA DA AUSTRÁLIA S/N - ZONA URBANA,PARIPE,40800050,"191,192,193,194,195,196,197,198,319,325,343,353",12,5336
4,SALVADOR,ESCOLA ESTADUAL CARLOS BARROS,RUA PAULO AVELAR 1 - ZONA URBANA,FAZENDA COUTOS,40730530,"204,205,206,207,208,209,217,251,252,292,311,316",12,5113
4,SALVADOR,ESCOLA FERNANDO PRESÍDIO,RUA 2. TRAVESSA BELA VISTA S/N - ZONA URBANA,TUBARÃO,40279360,"210,211,212,213,214,215,216,317",8,3525
4,SALVADOR,COLÉGIO ESTADUAL JOÃO BATISTA CARIBÉ,LOTEAMENTO JARDIM SANTA FILOMENA 443-E - ZONA URBANA,SÃO TOMÉ DE PARIPE,40800170,220.221.329.360.373,5,2208
4,SALVADOR,ESCOLA ESTADUAL MARCÍLIO DIAS,BASE NAVAL DE ARATU INEMA - ZONA URBANA,SÃO TOMÉ DE PARIPE,40800310,"222,223,224,225,372,397,402,405,415",9,3036
4,SALVADOR,ESCOLA MUNICIPAL DE PARAMANA,RUA DA FRENTE S/N - ZONA URBANA,PARAMANA,42505000,234.374,2,704
4,SALVADOR,ESCOLA MUNICIPAL ANTÔNIO CARLOS MAGALHÃES,RUA DO FOGO S/N - ZONA URBANA,BOM JESUS DOS PASSOS,42510000,235.236.285.451,4,1611
4,SALVADOR,ESCOLA MUNICIPAL DE FAZENDA COUTOS,"RUA EIXO A, S/N, COLINA DAS MALVINAS - ZONA URBANA",FAZENDA COUTOS,40730630,"253,254,272,275,284,299,312,322,346,351,355,359,361,366,370,386,392",17,7587
4,SALVADOR,ESCOLA CLAUDENIRA SANTOS LIMA,SANTANA DE MARÉ - ZONA URBANA,ILHA DE MARÉ,42500000,239.240.573,3,811
4,SALVADOR,ESCOLA MUNICIPAL DE SANTANA,"RUA BEIRA MAR, S/N - ZONA URBANA",ILHA DE MARÉ,42500000,241,1,319
4,SALVADOR,ESCOLA MUNICIPAL DE ILHA DE MARÉ,PRAIA GRANDE DE MARÉ - ZONA URBANA,ILHA DE MARÉ,42500000,242.243.417.572,4,1404
4,SALVADOR,ESCOLA ESTADUAL EDSON TENÓRIO DE ALBUQUERQUE,RUA ALMIRANTE TAMANDARÉ 25 - ZONA URBANA,PARIPE,40800480,"199,200,201,202,203,342,356,364,369,371,375,376,378,389",14,6255
4,SALVADOR,ESCOLA MUNICIPAL FRANCISCA DE SANDE,"RUA JUBIABÁ, S/N - ZONA URBANA",ALTO DE COUTOS,40760310,"388,399,401,404,414,420,428,440,564,569,577",11,4930
4,SALVADOR,ESCOLA MUNICIPAL DE BANANEIRAS,"RUA DAS BANANEIRAS, S/N - ZONA URBANA",ILHA DE MARÉ,42500000,379.463,2,629
4,SALVADOR,CENTRO MUNICIPAL EDUCAÇÃO ESPACO CID PASSOS,RUA DA LAGOA S/N - ZONA URBANA,COUTOS,40760020,"334,348,363,381,398,437,562,563",8,2149
4,SALVADOR,ESCOLA MUNICIPAL ESTHER FÉLIX DA SILVA,"RUA EIXO A, S/N - ZONA URBANA",FAZENDA COUTOS,40730630,"166,167,168,169,170,171,384,396,448,470,480,485,567,574,579",15,5322
4,SALVADOR,ESCOLA MUNICIPAL DARCY RIBEIRO,CONJUNTO RECANTO DA LAGOA RUA 6 - ZONA URBANA,FAZENDA COUTOS,40730630,382.395.400.403.406,5,2234
4,SALVADOR,ESCOLA MUNICIPAL VISCONDE DE CAIRU,"RUA PIAUÍ, S/N - ZONA URBANA",PARIPE,40800065,409.416.422.426,4,1530
4,SALVADOR,ESCOLA MUNICIPAL ALMIRANTE ERNESTO MOURÃO DE SÁ,AVENIDA SÃO PAULO - ZONA URBANA,PARIPE,40820190,"408,419,423,427,431,438,442,444,445",9,3995
4,SALVADOR,ESCOLA MUNICIPAL DOUTOR OTAVIANO PIMENTA,"TRAVESSA FLUMINENSE, S/N - ZONA URBANA",SÃO TOMÉ DE PARIPE,40800200,410.453.565,3,1333
4,SALVADOR,ESCOLA ESTADUAL ANA CRISTINA PRAZERES MATA PIRES,"RUA CAMBOJA, S/N - ZONA URBANA",ALTO DE COUTOS,40750340,434.459.473.477.487,5,2229
4,SALVADOR,ESCOLA MUNICIPAL COLINA DO MAR,"RUA JOSÉ DO PATROCÍNIO, 104 - ZONA URBANA",FAZENDA COUTOS,40730100,432.461,2,762
4,SALVADOR,ESCOLA MUNICIPAL OLGA METTIG,"CONJUNTO LAGOA DA PAIXÃO, S/N - ZONA URBANA",FAZENDA COUTOS,41307340,"435,446,466,482,570,581",6,2283
4,SALVADOR,ESCOLA MUNICIPAL DE BOTELHO,"RUA DOS BOTELHOS, S/N - ZONA URBANA",ILHA DE MARÉ,42500000,436,1,372
4,SALVADOR,ESCOLA ESTADUAL SETE DE SETEMBRO,"RUA DO VALE, N 16 - ZONA URBANA",PARIPE,40820000,"450,464,469,472,479,483,568",7,3121
4,SALVADOR,COLÉGIO ESTADUAL PROFESSORA MARIA ODETE PITHON RAYNAL,"RUA INDEPENDÊNCIA, S/N - PARÓQUIA N. SENHORA DO Ó - ZONA URBANA",PARIPE,40820730,"474,481,484,571,578,582",6,2245
4,SALVADOR,ESCOLA MUNICIPAL GRACILIANO RAMOS,"RUA FRANCO VELASCO, N 641, VISTA ALEGRE DE BAIXO - ZONA URBANA",COUTOS,40730020,476.566.576.583.585,5,1856
4,SALVADOR,COLÉGIO GUADALUPE,"RUA DOMINGOS PIRES, 3 - ZONA URBANA",PERIPERI,40726080,"488,489,490,491,492,493,494",7,3127
4,SALVADOR,ESCOLA ESTADUAL MONTEIRO LOBATO,"RUA 02, SN, CONJ VISTA ALEGRE DE COUTOS - ZONA URBANA",COUTOS,40730320,"508,509,510,511,512,513,514,515,516,517",10,4464
4,SALVADOR,INSTITUTO SOCIAL PINDORAMA,"RUA OSWALDO DA HORA, N 02 - ZONA URBANA",PERIPERI,40720050,"495,504,505,506,507,518,520,533",8,2203
4,SALVADOR,ESCOLA ANFILÓFIO DE CARVALHO,RUA PROF. JOÃO GONÇALVES S/N - ZONA URBANA,PERIPERI,40740360,521.522.523.524.525,5,1549
4,SALVADOR,ESCOLA MUNICIPAL SÃO DOMINGOS,RUA SANTA LUZIA 11 - ZONA URBANA,PERIPERI,40725850,"526,527,528,529,530,531,532",7,2523
4,SALVADOR,COLÉGIO ESTADUAL NELSON MANDELA,"RUA DOUTOR ALMEIDA, 1 - ZONA URBANA",PERIPERI,40720070,"519,534,535,536,537,538,539,540,541,542,543,544,545,546,547,548,549,550,551,552,553,554,555,556,557,558,559,560,
561",29,11082
4,SALVADOR,COLÉGIO CELESTIN FREINET,RUA COSME DE FARIAS N 12 - ZONA URBANA,PERIPERI,40720140,500.501.502.503,4,1262
4,SALVADOR,COLÉGIO SANTO INÁCIO,"RUA DR. ALMEIDA, CAM J, BL10, CASA 1 - ZONA URBANA",PERIPERI,40720070,496.497.498.499,4,1183
5,SALVADOR,COLÉGIO ESTADUAL GOVERNADOR ROBERTO SANTOS,"RUA SILVEIRA MARTINS, S/N - ZONA URBANA",CABULA,41150000,"45,46,47,48,49,50,51,52,53,54,55,56,57,58,59,233,238,247,275,282,289,319",22,6473
5,SALVADOR,ESCOLA DE 1º GRAU GOVERNADOR ROBERTO SANTOS,"RUA SILVEIRA MARTINS, S/N - ZONA URBANA",CABULA,41150000,"60,64",2,819
5,SALVADOR,ESCOLA ADROALDO RIBEIRO COSTA,"RUA NOSSA SENHORA DO RESGATE, S/N, FIM DE LINHA - ZONA URBANA",CABULA,41150100,"74,75,76,77,78,79,80,213,236,262,274,299",12,4135
5,SALVADOR,COLÉGIO POLIVALENTE DO CABULA ( MÃE STELLA),"RUA SILVEIRA MARTINS, S/N - ZONA URBANA",CABULA,41150000,"87,88,89,90,91,92,93,94,95,96,97,98,99,100,101,230,242",17,6274
5,SALVADOR,CENTRO EDUCACIONAL NOSSA SENHORA DO RESGATE,"RUA SILVEIRA MARTINS, 1 - ZONA URBANA",CABULA,41150000,"268,278,288,307,316,348,502,506,510",9,3981
5,SALVADOR,COLÉGIO ESTADUAL FRANCISCO DA CONCEIÇÃO MENEZES,RUA SILVEIRA MARTINS - AO LADO DO COLÉGIO ROBERTO SANTOS - ZONA URBANA,CABULA,41150000,"69,72,806",3,995
5,SALVADOR,ESCOLA ESTADUAL VISCONDE DE ITAPARICA,"RUA SILVEIRA MARTINS, S/N, AO LADO DO 19 BC ZONA URBANA",CABULA,41150000,"294,298,306,317,350,511",6,1951
5,SALVADOR,ESCOLA MUNICIPAL SÃO GONÇALO DO RETIRO,"ESTRADA SÃO GONÇALO DO RETIRO, S/N - ZONA URBANA",SÃO GONÇALO,41190000,"320,322,323,324,325,326,353,354",8,2307
5,SALVADOR,ESCOLA ESTADUAL ALBERTO VALENÇA,"RUA MILTON GOMES COSTA, N. 18/19 - ZONA URBANA",SÃO GONÇALO DO RETIRO,41100183,"327,328,329,330,331,332,333,334,335,336,340,352,355,512",14,5586
5,SALVADOR,ESCOLA MUNICIPAL MURILO CELESTINO COSTA,"RUA MILTON GOMES COSTA, 18/19 - ZONA URBANA",SÃO GONÇALO DO RETIRO,41190200,321.337.338.339,4,1373
5,SALVADOR,ESCOLA MUNICIPAL CABULA I,"CONJUNTO ACM - PRAÇA MANOEL CLEMENTE FERREIRA, S/N - ZONA URBANA",CABULA,41191010,"341,342,343,344,345,505",6,2675
5,SALVADOR,ESCOLA SANTA EDWIRGENS - ANEXO,"R PAULO HÉLIO DE CARVALHO, 29, ATRÁS DA IGREJA UNIVERSAL - ZONA URBANA",MATA ESCURA,41219065,359.360.362,3,1124
5,SALVADOR,DEPARTAMENTO DE EDUCAÇÃO - UNEB,"AV SILVEIRA MARTINS, N 2555 - ZONA URBANA",CABULA,41192010,"369,370,371,372,373,374,375,376,377",9,3646
5,SALVADOR,ESCOLA MUNICIPAL ÁLVARO DA FRANÇA ROCHA,"RUA DIRETA DA ENGOMADEIRA, S/N - ZONA URBANA",ENGOMADEIRA,41185270,378.379.380.381.508,5,2219
5,SALVADOR,ESCOLA TERCEIRO MILÊNIO,"RUA CARDEAL AVELAR BRANDÃO VILELA, N 39 - ZONA URBANA",MATA ESCURA,41219600,382.383,2,891
5,SALVADOR,PRISIONAL CADEIA PÚBLICA DE SALVADOR,COMPLEXO PENITENCIÁRIO - AV CARDEAL BRANDÃO VILELA - ZONA URBANA,MATA ESCURA,41225000,385,1,275
5,SALVADOR,ESCOLA MUNICIPAL PROFESSORA ANFRÍSIA SANTIAGO,"ESTRADA DAS BARREIRAS, S/N - ZONA URBANA",BARREIRAS,40010000,"365,386,387,388,389,390,503,507",8,3564
5,SALVADOR,DEPARTAMENTO DE CIÊNCIAS EXATAS E DA TERRA,"RUA SILVEIRA MARTINS, 2555 - ZONA URBANA",CABULA,41150000,"391,392,393,394,395,396,397,398",8,2252
5,SALVADOR,ESCOLA MUNICIPAL DA ENGOMADEIRA,"RUA DIREITA DA ENGOMADEIRA, S/N - ZONA URBANA",ENGOMADEIRA,41301110,"366,367,399,400,401,402,403,404,504,509",10,4232
5,SALVADOR,DEPARTAMENTO DE CIÊNCIAS DA VIDA - UNEB,"RUA SILVEIRA MARTINS, 2555 - ZONA URBANA",CABULA,41150000,"405,406,407,408,409,410,411,412,413",9,4012
5,SALVADOR,ESCOLA MUNICIPAL MARIA CONSTANÇA,"RUA BENJAMIN ABDON, S/N, FIM DE LINHA - ZONA URBANA",JARDIM PAMPULHA,41225720,"414,415,416,417,418,419,420,421,422,423,424,425",12,3812
5,SALVADOR,ESCOLA ESTADUAL PROFESSOR DORIVAL PASSOS,"AVENIDA CARDEAL DOM AVELAR BRANDÃO VILLELA, S/N - ZONA URBANA",MATA ESCURA,41219600,"426,427,428,429,430,431,432,805",8,3416
5,SALVADOR,DEPARTAMENTO DE CIÊNCIAS HUMANAS - UNEB,"AV SILVEIRA MARTINS, N 2555 - ZONA URBANA",CABULA,41195001,"434,435,436,437,438,439,440,441,442,443,444,445,446",13,5034
5,SALVADOR,ESCOLA MUNICIPAL MAXIMINIANO DA ENCARNAÇÃO,"RUA DIRETA DA MATA ESCURA, S/N - ZONA URBANA",MATA ESCURA,41225190,368.447.448.449.450,5,2197
5,SALVADOR,COLÉGIO ESTADUAL PROFESSORA MARILEINE DA SILVA,"RUA BENJAMIN ABDON, S/N - ZONA URBANA",MATA ESCURA,41225360,"433,451,452,453,454,455,456,457,458,459,460,461,462,463,464",15,6323
5,SALVADOR,SERVIÇO SOCIAL DA INDÚSTRIA - SESI - RETIRO,"BR 324, KM 0, AV. BARROS REIS, ARRAIAL DO RETIRO - ZONA URBANA",RETIRO,41204025,"472,480,483,486,489,492,495,498,501",9,3058
5,SALVADOR,PRISIONAL - CONJUNTO PENAL MASCULINO,"RUA DIRETA DA MATA ESCURA, S/N - ZONA URBANA",MATA ESCURA,41219600,800,1,123
5,SALVADOR,PRISIONAL - PRESÍDIO DO SALVADOR,"RUA DIRETA DE MATA ESCURA, S/N, COMPLEXO PENITENCIÁRIO - ZONA URBANA",MATA ESCURA,41225190,801,1,98
5,SALVADOR,ESCOLA MUNICIPAL ANTÔNIO EUZÉBIO,"RUA CRISTIANO BUYS, 573 - ZONA URBANA",CABULA,41150600,"102,103,104,105,241,249,803",7,2793
6,SALVADOR,COLÉGIO ESTADUAL LUIZ VIANA,"RUA VALDEMAR FALCÃO, 7 - ZONA URBANA",BROTAS,40295001,"13,14,15,16,17,18,19,20,21,22,23,24,25,26,27,28,29,30,31,32,33,34,35,36,37,38,39,40,41,279,284,290,292,304,306,307,
308,310,311,313",40,17792
6,SALVADOR,COLÉGIO NOSSA SENHORA DA CONCEIÇÃO,"AV. DOM JOÃO VI, 89 - ZONA URBANA",BROTAS,40240320,"52,53,54,55,56,57,58,59,281,283,291,293,295,312,318,324,454,456",18,7134
6,SALVADOR,COLÉGIO PONTO ALTO,"RUA CAMPINAS DE BROTAS, 566 - ZONA URBANA",CAMPINAS DE BROTAS,40275160,"61,62,63,64,65,66,67,280,294,309,319,327",12,3756
6,SALVADOR,COLÉGIO ESTADUAL GÓES CALMON,"AVENIDA DOM JOÃO VI, 131 - ZONA URBANA",BROTAS,40290000,"1,2,3,60,96,97,98,99,100,101,102,103,104,105,106,107,108,109,217,218,229,276,299,453",24,10107
6,SALVADOR,COLÉGIO ESTADUAL LUIZ VIANA (ANTIGA ESCOLA MANOEL VITORINO),"RUA WALDEMAR FALCÃO, 7 - ZONA URBANA",BROTAS,40285885,"42,43,44,45,46,47,48,49,50,51,110,111,112,113,114,115,120,121,288,303,315,320,322,323,328",25,9092
6,SALVADOR,FUNDAÇÃO BAHIANA PARA DESENVOLVIMENTO DAS CIÊNCIAS,"AV. DOM JOÃO VI, 275 - ZONA URBANA",BROTAS,40290000,"4,5,6,7,8,9,10,11,12,68,69,70,71,78,79,80,259,275,285,317,524",21,8417
6,SALVADOR,ESCOLA MUNICIPAL PROFESSOR ARISTIDES NOVIS,"ALAMEDA PIATÃ, 132 - ZONA URBANA",CAMPINAS DE BROTAS,40275010,"359,360,361,362,363,364,365,366,367",9,3483
6,SALVADOR,COLÉGIO ESTADUAL DEPUTADO HENRIQUE BRITO,"RUA ENGENHEIRO JOSÉ ANASOH, 420-E - ZONA URBANA",CAMPINAS DE BROTAS,40275220,374.375.376.455.525,5,2097
6,SALVADOR,COLÉGIO ESTADUAL DR. JOÃO PEDRO DOS SANTOS,AV. MÁRIO LEAL FERREIRA S/N - ZONA URBANA,BONOCÔ,40284320,"387,389,391,393,395,397,399,401,403",9,3457
6,SALVADOR,ESCOLA MUNICIPAL JOÃO PEDRO DOS SANTOS,"AVENIDA MÁRIO LEAL FERREIRA, S/N - ZONA URBANA",BONOCÔ,40253480,334.335.448,3,1131
6,SALVADOR,CENTRO EDUCACIONAL NOSSA SENHORA DO RESGATE,"RUA SALGADO FILHO, 2 - ZONA URBANA",BOA VISTA DE BROTAS,40240350,"457,458,459,460,461,462,463,464,465,466,467,468,523,533",14,5320
6,SALVADOR,ESCOLA ESTADUAL MARIA ROMANA CALMON,"RUA ALMIRANTE ALVES CÂMARA, 114 - ZONA URBANA",ENGENHO VELHO DE BROTAS,40243000,"469,470,471,472,473,474,475",7,2810
6,SALVADOR,COLÉGIO ESTADUAL CIDADE DE CURITIBA,"RUA PADRE LUIZ FILGUEIRAS, S/N - ZONA URBANA",ENGENHO VELHO DE BROTAS,40243320,"476,477,478,479,480,481,482,483,484,485,486,487,488,489,490,491,492",17,7209
6,SALVADOR,ESCOLA MUNICIPAL MARTAGÃO GESTEIRA,"RUA ALMIRANTE ALVES CÂMARA, N 114 - ZONA URBANA",ENGENHO VELHO DE BROTAS,40243000,"493,494,495,496,497,498",6,2268
6,SALVADOR,COLÉGIO ESTADUAL LÊDA JESUÍNO DOS SANTOS,"RUA ALMIRANTE ALVES CÂMARA, S/N - ZONA URBANA",ENGENHO VELHO DE BROTAS,40243000,"499,500,501,502,503,504,505,506,507,508,509,510",12,3975
6,SALVADOR,ESCOLA MUNICIPAL SENADOR ANTONIO CARLOS MAGALHÃES,"AV. GENERAL GRAÇA LESSA, S/N - ZONA URBANA",VASCO DA GAMA,40290500,"511,512,513,514,515,516,517,518,519,520,521,522",12,4692
6,SALVADOR,CMEI - ABRIGO DO SALVADOR,"RUA CAMPINAS DE BROTAS, S/N - FIM DE LINHA - ZONA URBANA",CAMPINAS DE BROTAS,40275170,"526,527,528,529,530,531,532",7,3092
7,SALVADOR,COLÉGIO DA BAHIA (CENTRAL),"AV. JOANA ANGÉLICA, S/N - ZONA URBANA",NAZARÉ,40045205,"1,2,3,4,5,6,7,8,9,16,17,18,19,20,21,22,33,34,35,36,37,248,254,256,257",25,7907
7,SALVADOR,ESCOLA TEIXEIRA DE FREITAS,"RUA DA MANGUEIRA, 10/20 - ZONA URBANA",NAZARÉ,40040400,"14,23,25,27,29,31,236",7,2456
7,SALVADOR,FUNDAÇÃO VISCONDE DE CAYRU,RUA DO SALETE 50 - ZONA URBANA,BARRIS,40070200,"59,66,68,70,72,74,76,78,80,237,250",11,4021
7,SALVADOR,INSTITUTO DE EDUCAÇÃO ÍSAIAS ALVES - ICEIA,"PÇA. DO BARBALHO, S/N - ZONA URBANA",BARBALHO,40301155,"94,96,98,100,102,104,106,108,110,112,114,116,118,120,122,124,126,128,130,132,134,136,138,140,142,144,146,148,249",29,10708
7,SALVADOR,INSTITUTO DOS CEGOS DA BAHIA,RUA SÃO JOSÉ DE BAIXO 55 - ZONA URBANA,BARBALHO,40300770,149,1,447
7,SALVADOR,COLÉGIO SEVERINO VIEIRA,"AV. JOANA ANGÉLICA, 253 - ZONA URBANA",NAZARÉ,40050001,"178,180,182,184,186,188,190,192,194,196,198,200,240,242",14,5580
7,SALVADOR,"INSTITUTO FEDERAL DE EDUCAÇÃO, CIÊNCIA E TECNOLOGIA DA BAHIA (IFBA)",RUA EMÍDIO DOS SANTOS S/N - ZONA URBANA,BARBALHO,40301015,"201,202,203,204,205,206,207,208,209,210,211,212,213,214,215,216,217,246,251",19,4654
7,SALVADOR,CAP-CENTRO DE APOIO PEDAGÓGICO PROFESSORA CATIA MARIA PAIM DA CRUZ,"RUA DA JAQUEIRA, N 12,SAÚDE - ZONA URBANA",SAÚDE,40040190,"10,12,171,173,175,177,245",7,2674
7,SALVADOR,ESCOLA RUY DE LIMA MALTEZ,LADEIRA DOS GALÉS 13 - ZONA URBANA,PITANGUEIRAS,40255010,294.296.298,3,1259
7,SALVADOR,ESCOLA MUNICIPAL MARIA QUITÉRIA,"RUA DAS PITANGUEIRAS 508, MATATU-ZONA URBANA",PITANGUEIRAS,40255436,"341,342,343,344,345,346,347",7,2142
7,SALVADOR,ESCOLA EXPERIMENTAL,"RUA RIO AMAZONAS, 34 - ZONA URBANA",VILA LAURA,40270060,"350,351,352,353,354,355,356,357,358,359,360",11,4844
7,SALVADOR,COLÉGIO ESTADUAL FREDERICO COSTA,RUA BERNARDO SPECTOR S/N - ZONA URBANA,VILA LAURA,40280170,"361,362,363,364,365,366,367,368,369,370,371,372,373",13,5701
7,SALVADOR,COLÉGIO MEDITERRÂNEO,"RUA DOUTOR GENESIO SALLES, 610 - ZONA URBANA",VILA LAURA,40270040,"374,375,376,454,455,459,462,464",8,3534
7,SALVADOR,ESCOLA LÉLIS PIEDADE,LGO. DE COSME DE FARIAS FINAL DE LINHA - ZONA URBANA,COSME DE FARIAS,40250010,377.378.379.380.381,5,2238
7,SALVADOR,ESCOLA MUNICIPAL OLGA FIGUEIREDO DE AZEVEDO,"AV. VALE DO MATATU, S/N, BAIXA DO TUBO - ZONA URBANA",MATATU,40255670,"388,389,390,391,392,393,394,395,396,397,412",11,4576
7,SALVADOR,COLÉGIO ESTADUAL COSME DE FARIAS,"LARGO DE COSME DE FARIAS, FIM DE LINHA - ZONA URBANA",COSME DE FARIAS,40252190,"398,399,400,401,402,403,404,405,406,407,408,409,410,411",14,6253
7,SALVADOR,ESCOLA SATURNINO CABRAL,"RUA ARAÇATUBA, S/N - ALTO DO CRUZEIRO - ZONA URBANA",COSME DE FARIAS,40253470,413.414.415.416,4,1788
7,SALVADOR,COLÉGIO ESTADUAL BRIGADEIRO EDUARDO GOMES,RUA SAO GERALDO N° 24 - MATATU - ZONA URBANA,MATATU,40255315,"417,418,419,420,421,422,423,424,425,426,427,428",12,4986
7,SALVADOR,OBRAS SOCIAIS FRANCISCANAS,"PRACA COSME DE FARIAS, S/N",COSME DE FARIAS,40250010,432.433.434.435.436,5,2031
7,SALVADOR,ESCOLA MUNICIPAL SANTA RITA,"R. HÉLIO DE OLIVEIRA, 75-E - ZONA URBANA",LUIZ ANSELMO,40265020,"437,438,439,440,441,442,443,444",8,3257
7,SALVADOR,COLÉGIO BOM JESUS DOS MILAGRES,"LARGO DOS PARANHOS, 01 - ZONA URBANA",MATATU,40255310,"445,446,447,448,449,450,451,452,453",9,4000
7,SALVADOR,EDUCANDÁRIO ÁGUIA ALBINO,"RUA HEITOR DIAS, N 10 - ZONA URBANA",COSME DE FARIAS,40253090,"457,460,463,465,467,468",6,2594
7,SALVADOR,CENTRO MUNICIPAL DE EDUCAÇÃO INFANTIL LUIS EDUARDO MAGALHÃES,"AVENIDA MÁRIO LEAL FERREIRA, S/N - ZONA URBANA",COSME DE FARIAS,40252390,"456,458,461,466,469,473",6,2515
7,SALVADOR,ESCOLA MUNICIPAL LUIZ ANSELMO,RUA LUIZ ANSELMO N 175 - ZONA URBANA,LUIZ ANSELMO,40260485,"382,383,384,385,386,387,429,430,431",9,3288
8,SALVADOR,COLÉGIO ESTADUAL EDVALDO BRANDÃO CORREIA,"QUADRA 04, CAMINHO 3, S/N - ZONA URBANA",CAJAZEIRAS IV,41330050,"134,135,136,137,138,139,140,273,306,328,364,368,375,384,395,403,410,414,432,443",20,5399
8,SALVADOR,ESCOLA ESTADUAL DEPUTADO NAOMAR ALCÂNTARA,CONJUNTO REMANESCENTE QUADRA 27 - ZONA URBANA,CAJAZEIRAS V,41340020,"141,142,143,144,184,351,397,422",8,2661
8,SALVADOR,COLÉGIO ESTADUAL ANA BERNARDES,"VIA LOCAL C2, S/N - ZONA URBANA",CAJAZEIRAS VI,41310110,"145,146,147,220,246,263,279,294,303,349,434,477",12,4983
8,SALVADOR,COLÉGIO ESTADUAL LUIZ FERNANDO MACÊDO COSTA,RUA F FIM DE LINHA - ZONA URBANA,CAJAZEIRAS VII,41310045,"148,149,150,151,256,326,363,467",8,2504
8,SALVADOR,COLÉGIO ESTADUAL RAFAEL OLIVEIRA,VIA LOCAL E-A COLETORA 3 SETOR A - ZONA URBANA,CAJAZEIRAS VIII,41330020,"152,153,154,155,221,242,266,278,297,309,332,454",12,5317
8,SALVADOR,ESCOLA MUNICIPAL DA PALESTINA,RUA DIRETA DA PALESTINA S/N - ZONA URBANA,PALESTINA,41308000,"44,45,46,176,177,178,218,323,344,361,491",11,4367
8,SALVADOR,ESCOLA MUNICIPAL ELYSIO ATHAYDE,"RUA DEPUTADO JOSÉ AMANDO, N 9, QUADRA 7 - ZONA URBANA",CAJAZEIRAS V,41335220,"219,224,281,342,399,431,438",7,1745
8,SALVADOR,COLÉGIO ESTADUAL BATISTA NEVES,"2A RÓTULA DA CAJAZEIRA V, S/N - ZONA URBANA",CAJAZEIRAS V,41330010,"166,193,259,271,302,313,340,413",8,3279
8,SALVADOR,ESCOLA MUNICIPAL OSCAR DA PENHA,"RUA WALDELOIR REGO, 551 - ZONA URBANA",CAJAZEIRAS VI,41336680,"315,324,369,379,402,416",6,1687
8,SALVADOR,ESCOLA MUNICIPAL PROFESSOR RICARDO PEREIRA,"RUA DIRETA JARDIM DAS MANGABEIRAS, S/N - ZONA URBANA",CAJAZEIRAS VIII,41338710,456.464.485.529.674,5,2032
8,SALVADOR,ESCOLA MUNICIPAL PROFESSOR AFONSO TEMPORAL,"RUA JOSÉ GUIMARÃES, S/N - ZONA URBANA",VALÉRIA,41300220,492.493.494.495.496,5,2058
8,SALVADOR,COLÉGIO ESTADUAL PROFESSORA NOÊMIA REGO,"RUA BOCA DA MATA, S/N - ZONA URBANA",VALÉRIA,41300460,"500,501,502,503,504,505,506,507,508,509,510,511,512,513,514,515,516,517,518,519,520,526,527,675",24,10398
8,SALVADOR,COLÉGIO ESTADUAL DINAH GONÇALVES,"CONJUNTO ENGENHEIRO ANTÔNIO FRANCO, N 328 - ZONA URBANA",VALÉRIA,41305000,"498,521,522,523,524,670",6,2338
8,SALVADOR,COLÉGIO ESTADUAL NOSSA SENHORA DE FÁTIMA - DERBA,"RUA DA MATRIZ, S/N, BR-324, PARQUE DERBA - ZONA URBANA",VALÉRIA,41300600,"532,533,534,535,536,537,538,539,540,667",10,4249
8,SALVADOR,ESCOLA MUNICIPAL PROFESSOR ÍTALO GAUDENZI,"RUA ACAJUTIBA, S/N, CONJUNTO MORADA DA LAGOA- ZONA URBANA",NOVA BRASÍLIA DE VALÉRIA,41306790,"544,545,546,547,548,549,550,673,678",9,3754
8,SALVADOR,ESCOLA MUNICIPAL CAMPINAS DE PIRAJÁ,ESTRADA DE CAMPINAS S/N - ZONA URBANA,CAMPINAS DE PIRAJÁ,41270000,"551,552,553,554,555,556,557,558,559,560,561,596,597,598,662",15,5676
8,SALVADOR,ESCOLA ESTADUAL GERMANO MACHADO NETO,"RUA CENTRAL, N 193-E - ZONA URBANA",MARECHAL RONDON,41280126,"562,563,564,565,566,567,568,569",8,3537
8,SALVADOR,ESCOLA COMUNITÁRIA REGINA STUKENBORG,3. TRAVESSA DA BOA VISTA S/N - ZONA URBANA,MARECHAL RONDON,41280152,"570,571,572,573,574,575,576",7,2738
8,SALVADOR,COLÉGIO ESTADUAL CESARE CASALI,"CONJUNTO RESIDENCIAL PIRAJÁ II, S/N, LARGO DO FIM DE LINHA-ZONA URBANA",PIRAJÁ,41290540,"577,578,579,580,581,582,583,584,585,663",10,4470
8,SALVADOR,ESCOLA ESTADUAL TEODORO SAMPAIO,"RUA OITO DE NOVEMBRO, N 300, VELHA PIRAJÁ - ZONA URBANA",PIRAJÁ,41290200,"588,589,590,591,592,593,594,665,671",9,3671
8,SALVADOR,ESCOLA ESTADUAL SANTOS DUMONT,"RUA OITO DE NOVEMBRO, S/N - ZONA URBANA",PIRAJÁ,41290200,"599,600,601,602,603,604,605,606,607,608,609,610,611,612",14,6224
8,SALVADOR,ESCOLA MUNICIPAL ALEXANDRINA PITA,RUA NOVA PIRAJÁ S/N - ZONA URBANA,PIRAJÁ,41295350,"613,614,615,616,617,618,619,620,621,622,623,624,625,626",14,5619
8,SALVADOR,ESCOLA MUNICIPAL GENERAL LABATUT,"RUA OITO DE NOVEMBRO, TV. 24 DE AGOSTO S/N - ZONA URBANA",PIRAJÁ,41290200,"586,627,628,629,630,631,632,633,634,635",10,3869
8,SALVADOR,ESCOLA MUNICIPAL FILHOS DE SALOMÃO,"ESTRADA DE CAMPINAS, S/N - ZONA URBANA",CAMPINAS,40271140,"595,636,637,638,639,640,641,642,643,669",10,3515
8,SALVADOR,ESCOLA ESTADUAL ARTUR DE SALES,"LARGO DE CAMPINAS, S/N, FIM DE LINHA - ZONA URBANA",CAMPINAS,41275150,"644,645,646,647,648,649,650,651,652,653,654,655,656",13,5762
8,SALVADOR,ESCOLA MUNICIPAL MARECHAL RONDON,"PRAÇA MARECHAL RONDON, S/N - ZONA URBANA",MARECHAL RONDON,41285100,657.658.659.660.676,5,1894
8,SALVADOR,COLÉGIO MANOEL RIBEIRO,"RUA PRESIDENTE VARGAS, 200 - ZONA URBANA",MARECHAL RONDON,41280330,677,1,139
8,SALVADOR,CENTRO EDUCACIONAL APARECIDA PINHEIRO,"RUA MARCELINO GARRIDO, 19 - ZONA URBANA",VALÉRIA,41300150,"497,525,541,661,664,666,668,672",8,2908
9,SALVADOR,COLÉGIO DA POLÍCIA MILITAR - CPM JOÃO FLORÊNCIO GOMES,"AV. BEIRA MAR, 481 - ZONA URBANA",ITAPAGIPE,40420340,"1,2,3,4,5,6,7,8,9,10,11,13,14,15,16,18,19,20,257",19,5697
9,SALVADOR,ESCOLA MUNICIPAL ELOYNA BARRADAS,"RUA ARAUÁ, 63 - ZONA URBANA",RIBEIRA,40421030,"21,22,23,24,25,26,29,30,31,32,34,35,36,37,282",15,4834
9,SALVADOR,COLÉGIO COSTA E SILVA,"LARGO DA MADRAGOA, 1 - ZONA URBANA",RIBEIRA,40420180,"38,39,40,41,42,43,44,45,46,47,48,49,50,51,52,53,54,55,56,57,243,249,250,255,264,409,414",27,11446
9,SALVADOR,ESCOLA PRESCILIANO SILVA,AV. PORTO DOS MASTROS 52 - ZONA URBANA,RIBEIRA,40440000,"58,59,60,61,62,63,64,65,66,67,239,241,246,253,265,272",16,5164
9,SALVADOR,CENTRO MUNICIPAL DE EDUCAÇÃO INFANTIL DR. AUGUSTO LOPES PONTES,"AVENIDA LUIZ TARQUINIO, 596 - ZONA URBANA",BOA VIAGEM,40410120,"68,69,70,259,266,298",6,2045
9,SALVADOR,SENAI - UNIDADE DENDEZEIROS,"AVENIDA DENDEZEIROS, 99 - ZONA URBANA",BONFIM,40415006,"71,72,73,74,75,76,77,78,79,150",10,2914
9,SALVADOR,COLÉGIO ESTADUAL PAULO AMÉRICO DE OLIVEIRA,RUA BECO JOÃO DO BOI S/N - ZONA URBANA,RIBEIRA,40440210,"80,81,82,83,84,85,86,87,88,89,90,91,92,93,94,248,252,254,261,267,270,274",22,9276
9,SALVADOR,COLÉGIO ESTADUAL ALÍPIO FRANCA,"AV. DENDEZEIROS, N 200 - ZONA URBANA",BONFIM,40415006,"103,104,105,106,107,108,109,110,111,112,247,289,292,411,413",15,6689
9,SALVADOR,COLÉGIO MARIA JOSÉ DE PAULA MOREIRA,"ATERRO DE ITAPAGIPE, QUADRA B, N 19E - ZONA URBANA",ITAPAGIPE,40420185,"174,175,176,177,178,179,269",7,2322
9,SALVADOR,COLÉGIO MUNICIPAL SIMÕES FILHO,RUA FERNANDO BAGGI S/N - ZONA URBANA,RIBEIRA,40420080,"180,181,184,185,258,286",6,1898
9,SALVADOR,COLÉGIO SÃO JOSÉ,"RUA DA IMPERATRIZ, N 711 - ZONA URBANA",BONFIM,40415180,"95,96,97,113,114,115,116,117,118,205,206,207,208,209,210,211,212,213,214,215,251,256,262,268,271,275,280,288,290,
299,406,408,415",33,10908
9,SALVADOR,ESCOLA SOLANGE HORTÉLIO FRANCO,"RUA DO URUGUAI, N 220 - ZONA URBANA",URUGUAI,40454260,"328,329,330,331,332,333,334,335,336,337,338,339,340,341,342,343,344,345,346,347,348,349,350,351,353,410,412",27,11276
9,SALVADOR,CENTRO SOCIAL PARÓQUIA DE SÃO JORGE,"R. ROSALVO BARBOSA ROMEU, S/N - ZONA URBANA",VILA RUI BARBOSA,40430500,"366,367,368,369,370,371,372,399,407",9,3281
9,SALVADOR,ESCOLA DE 1º GRAU SANTA BÁRBARA,RUA DO CANAL CENTRAL S/N VILA RUI BARBOSA - ZONA URBANA,URUGUAI,40430275,"373,374,375,376,377,378,379,380,381,416",10,4277
9,SALVADOR,ESCOLA POLIVALENTE SAN DIEGO,"RUA RÉGIS PACHECO, 2182 - ZONA URBANA",URUGUAI,40000000,"384,385,386,387,388,389,390,391,392,393,394,395,396,397,398,405",16,7143
9,SALVADOR,ESCOLA CARMELITANA 25 DE AGOSTO,"RUA LUIZ RÉGIS PACHECO, N. 2182 - ZONA URBANA",URUGUAI,40451360,383.400.401.402.404,5,1963
9,SALVADOR,CENTRO MUNICIPAL DE EDUCAÇÃO INFANTIL MARIA DA CONCEIÇÃO COSTA,"RUA RSENDE COSTA, S/N - ZONA URBANA",VILA RUI BARBOSA,40430000,"356,357,358,359,360,361,362,363,364,365,382",11,4493
10,SALVADOR,CMEI - UNIÃO BOCA DO RIO,"RUA JAYME SAPOLNIK, S/N - ZONA URBANA",IMBUÍ,71720075,"638,641,643,645,649,650,658,662,663,681",10,4454
10,SALVADOR,FACULDADE AREA 1/WINDEN,"AV.LUÍS VIANA FILHO, 3172 - ZONA URBANA",IMBUÍ,41720200,"552,553,554,555,556,557,558,559,560,561,562,603,609,666,674,682,691,694,704",19,8271
10,SALVADOR,ESCOLA MUNICIPAL JULIETA CALMON,RUA JAIME LOUREIRO S/N - ZONA URBANA,BOCA DO RIO,41710600,"568,569,570,750,931,936",6,2500
10,SALVADOR,ESCOLA MONSENHOR BARBOSA,CONJUNTO GUILHERME MARBACK S/N - ZONA URBANA,BOCA DO RIO,41710050,"577,578,579,580,581,582,583,584,585,586,587,588,589,606,618",15,6464
10,SALVADOR,ESCOLA GEORGINA RAMOS DA SILVA,RUA DIDIER LUZ S/N FIM DE LINHA - ZONA URBANA,BOCA DO RIO,40030000,"592,593,594,595,596,597,598,605,612,616",10,4478
10,SALVADOR,COLÉGIO VILAS,"RUA DO ROUXINOL, N 71, JARDIM BOLANDEIRA - ZONA URBANA",IMBUÍ,41720052,"653,659,664,671,678,690,710,711,765,794",10,4420
10,SALVADOR,ESCOLA ESTADUAL NOSSA SENHORA DA PAZ,PRAÇA DAS DECISÕES S/N - ZONA URBANA,BAIRRO DA PAZ,41515000,"654,657,668,675,686,687,695,701,721,730,736,743",12,5367
10,SALVADOR,ESCOLA MUNICIPAL METODISTA SUSANA WESLEY,"RUA SIMÕES FILHO, 955 - ZONA URBANA",BOCA DO RIO,41705010,"692,696,702,708,709,712,713,714,715,737,742,756",12,4894
10,SALVADOR,UNIVERSIDADE CATÓLICA DO SALVADOR,"AVENIDA PINTO DE AGUIAR, N 2589, CENTRO DE ENSINO II - ZONA URBANA",PITUAÇU,41740090,"73,74,75,76,83,84,85,86,87,467,483,507,508,613,617,623,625,627,629,637,647,661,673,684,697,716,871,877,885,894,900",31,13665
10,SALVADOR,FUNDAÇÃO BAHIANA DE ENGENHARIA,"AV. ADHEMAR PINHEIRO LEMOS, Nº 1617 - ZONA URBANA",IMBUÍ,41720030,"723,731,735,741,749,754,761,767,774,793",10,4437
10,SALVADOR,UNIRB - CENTRO UNIVERSITÁRIO REGIONAL DO BRASIL,"RUA TAMBURUGY, N 474 - ZONA URBANA",PATAMARES,41680440,"726,744,760,778,815,819,822,826,872,874,881,883,891,895,902,935",16,7066
10,SALVADOR,ESCOLA MUNICIPAL NOVA DO BAIRRO DA PAZ,"RUA NELSON MANDELA, S/N, ALTO DA BELA VISTA - ZONA URBANA",BAIRRO DA PAZ,41515260,"727,757,764,771,776,780,791,818,821,870,878,886",12,5343
10,SALVADOR,ESCOLA MUNICIPAL CARLOS MURION,"RUA BARRETO PEDROSO, N 295 - ZONA URBANA",PITUAÇU,41741030,"751,752,763,766,768,769",6,2671
10,SALVADOR,COLÉGIO MONTESSORIANO,"RUA ABELARDO ANDRADE DE CARVALHO, N. 5 - ZONA URBANA",BOCA DO RIO,41706710,"772,773,777,788,792,820,824,875,887,896",10,4442
10,SALVADOR,ESCOLA MUNICIPAL AGNELO DE BRITO,"RUA MANOEL ALMEIDA PACHECO, SN - ZONA URBANA",BOCA DO RIO,41706050,"571,572,573,574,575,576,590,591,784,789",10,4150
10,SALVADOR,ESCOLA EDIVALDO BOAVENTURA,"CONJUNTO VALE DOS RIOS, S/N - ZONA URBANA",STIEP,41770030,"795,796,797,798,799,800,801,802",8,3346
10,SALVADOR,COLÉGIO ESTADUAL DO STIEP CARLOS MARIGHELLA,"CONJUNTO HABITACIONAL STIEP, QUADRA 01, S/N - ZONA URBANA",STIEP,41775010,"803,804,805,806,807,808,809,810,811,812,813,814",12,4519
10,SALVADOR,UNICEUSA - CENTRO UNIVERSITÁRIO DE SALVADOR,"AV. JORGE AMADO, N 780 - ZONA URBANA",IMBUÍ,41720040,"631,633,635,823,827,876,882,893,901,906,912,914,918,926,930",15,6525
10,SALVADOR,ESCOLA ESTADUAL THALES DE AZEVEDO,"RUA ADELAIDE FERNANDES DA COSTA, S/N - ZONA URBANA",COSTA AZUL,41760040,"828,829,830,831,832,833,834,835,836,837,838,839,840,841,848,884",16,6795
10,SALVADOR,ESCOLA MUNICIPAL LUIZA MAHIM,"RUA SIMON BOLÍVAR, 471 - ZONA URBANA",ARMAÇÃO,41750230,"842,843,844,845,846,847,853",7,3085
10,SALVADOR,FACULDADE BAIANA DE DIREITO,"RUA DR. JOSÉ PEROBA, 123 - ZONA URBANA",STIEP,41770235,"849,850,851,852,873,879,940",7,2712
10,SALVADOR,CENTRO UNIVERSITÁRIO ESTÁCIO DA BAHIA,"RUA XINGU, 179 - ZONA URBANA",STIEP,41770130,"854,855,856,857,858,859,860,861,862,863,864,865,866,867,868,869",16,6718
10,SALVADOR,COLÉGIO ESTADUAL MESTRE PAULO DOS ANJOS,"RUA TANCREDO NEVES, S/N - ZONA URBANA",BAIRRO DA PAZ,41515235,"888,890,899,904,910,920,924,929,934,942",10,4078
10,SALVADOR,ESCOLA LABORATÓRIO ESCOLAB - BOCA DO RIO,"RUA ABELARDO DE CARVALHO, S/N - ZONA URBANA",BOCA DO RIO,41706710,"77,78,79,80,81,82,521,525,563,567,889,892,916",13,5377
10,SALVADOR,COLÉGIO CÂNDIDO PORTINARI,"RUA ADELAIDE FERNANDES DA COSTA, N 47 - ZONA URBANA",COSTA AZUL,41706710,"897,898,903,908,909,913,917,919,922,927,932,937,939",13,5782
10,SALVADOR,ESCOLA SESI DJALMA PESSOA,"AVENIDA ORLANDO GOMES, N 1737 - ZONA URBANA",PIATÃ,41650010,"905,907,911,915,921,923,925,928,933,938,941",11,4647
10,SALVADOR,ESCOLA MUNICIPAL UNIÃO CARIDADE E ABRIGO,"RUA HEITOR DIAS, N 2 - ZONA URBANA",BOCA DO RIO,41710745,564.565.566,3,1304
11,SALVADOR,ESCOLA MUNICIPAL AFRÂNIO PEIXOTO,RUA 1 QUADRA C FIM DE LINHA - ZONA URBANA,SETE DE ABRIL,41385370,"472,473,474,475,476,477,478,479,480,481,482,483",12,5261
11,SALVADOR,CENTRO SOCIAL URBANO DE CASTELO BRANCO,"RUA A, 3A. ETAPA DE CASTELO BRANCO - ZONA URBANA",CASTELO BRANCO,41320010,"484,485,486,487,488,489,490,491,649",9,3790
11,SALVADOR,CRECHE / CENTRO DE EDUCAÇÃO INFANTIL UNIDOS DE CASTELO BRANCO,"RUA DOS UNIDOS, S/N - ZONA URBANA",CASTELO BRANCO (4A ETAPA),41320010,499.500.677.782,4,1477
11,SALVADOR,ESCOLA ESTADUAL CONSELHEIRO VICENTE PACHECO DE OLIVEIRA,"RUA DAS PAULINAS, S/N - FIM DE LINHA - ZONA URBANA",DOM AVELAR,41315150,"501,502,503,504,505,506,507,508,509,510,563",11,4867
11,SALVADOR,ESCOLA ESTADUAL RAIMUNDO DE ALMEIDA GOUVEIA,"RUA A, S/N, 2A ETAPA DE CASTELO BRANCO - ZONA URBANA",CASTELO BRANCO (2A ETAPA),41320010,"511,512,513,514,515,516,517,518,519,520,521,522,523,524,525,526,527,597,755,763,774,778",22,9710
11,SALVADOR,ESCOLA ESTADUAL DE 1. GRAU DANIEL LISBOA,RUA DR. ARTUR GONZALEZ 181 - ZONA URBANA,PAU DA LIMA,41235005,"528,529,530,531,532,533,534,535",8,3586
11,SALVADOR,ESCOLA MUNICIPAL ALLAN KARDEC DE PIRAJÁ,RUA MARECHAL DEODORO S/N - ZONA URBANA,PAU DA LIMA,41235030,"536,537,538,539,540,665",6,2342
11,SALVADOR,ESCOLA ESTADUAL PROFESSORA MARIA DE LOURDES PARADA FRANCH,RUA MARECHAL DEODORO 11 - ZONA URBANA,PAU DA LIMA,41235030,"541,542,543,544,545,557",6,2688
11,SALVADOR,ESCOLA MUNICIPAL ROBERTO CORREIA,"RUA JAIME VIEIRA LIMA, S/N - ZONA URBANA",PAU DA LIMA,41235000,"546,547,548,549,550,551,552,553,554,555,556,663,777",13,5232
11,SALVADOR,ESCOLA MARISSOL,"RUA SÃO DOMINGOS, 15 - ZONA URBANA",PAU DA LIMA,41235605,"558,559,560,561,680,682",6,2533
11,SALVADOR,ESCOLA DE 1. GRAU DEPUTADO ROGÉRIO REGO,RUA LUCIANO GOMES S/N - ZONA URBANA,JARDIM CAJAZEIRA,41230350,"564,565,566,567,568,569,570,571,572,573,574,575,576,577,664",15,5560
11,SALVADOR,ESCOLA ESTADUAL PROF. ROBERTO SANTOS,"RUA A, FIM DE LINHA - ZONA URBANA",CASTELO BRANCO (3A ETAPA),41320010,"588,589,590,591,592,593,594,595,596,674",10,3661
11,SALVADOR,ESCOLA MUNICIPAL ARLETE MAGALHÃES - GIDAM,"RUA B, S/N, LGO DA FEIRINHA, 1A ETAPA DE CASTELO BRANCO - ZONA URBANA",CASTELO BRANCO (1A ETAPA),41300000,"562,598,599,600,601,602,603,604,605,606,607,608,609,610,611,612,613,614,615,616",20,8944
11,SALVADOR,ESCOLA MUNICIPAL SOCIEDADE FRATERNAL,"RUA PARQUE ASCENÇÃO, N 3 - ZONA URBANA",PAU DA LIMA,41253260,"617,618,619,620,621,622,623,624",8,3082
11,SALVADOR,COLÉGIO ESTADUAL ERALDO TINOCO,RUA 03 QUADRA G - ZONA URBANA,SETE DE ABRIL,41385370,"629,630,631,632,633,634,635,636,637,638,639,640,641,642,643",15,6711
11,SALVADOR,ESCOLA MANOEL CLEMENTE FERREIRA,RUA SÃO JOSÉ S/N - ZONA URBANA,VILA CANÁRIA,41390365,644.645.646.647.648,5,2221
11,SALVADOR,ESCOLA MUNICIPAL DONA ISABEL BRANDÃO VILELA,"RUA DAS PAULINAS, S/N - ZONA URBANA",DOM AVELAR,41315150,675.764.780,3,1011
11,SALVADOR,ESCOLA MUNICIPAL DO CALABETÃO,RUA CLÉRISTON ANDRADE S/N - ZONA URBANA,CALABETÃO,41227340,683.684.685.686.687,5,2227
11,SALVADOR,ESCOLA MUNICIPAL JARDIM SANTO INÁCIO,"PRAÇA SANTO INÁCIO, S/N, FIM DE LINHA - ZONA URBANA",JARDIM SANTO INÁCIO,41231015,"689,690,691,692,693,694,695,696,697,723",10,2887
11,SALVADOR,COLÉGIO ESTADUAL RENAN BALEEIRO,"BR 324, KM 10, LOTEAMENTO NOGUEIRA - ZONA URBANA",ÁGUAS CLARAS,41310190,"699,700,701,702,703,704,705,706,707,708,709,753,758,761,790",15,6456
11,SALVADOR,ESCOLA MUNICIPAL FRANCISCO LEITE,"RUA CELIKA NEGREIROS, LOTEAMENTO NOGUEIRA, N 146 - ZONA URBANA",ÁGUAS CLARAS,41310320,"710,711,712,713,714,715,765,775,776,779,781,783",12,5094
11,SALVADOR,ESCOLA PROFESSORA LEOVÍCIA ANDRADE,RUA CLÉRISTON ANDRADE S/N - ZONA URBANA,CALABETÃO,41227050,"688,716,717,718,719,720,721,722",8,3271
11,SALVADOR,ESCOLA MUNICIPAL DRA. MARIA DO CARMO VILAÇA,"RUA DR. JORGE COSTA ANDRADE, S/N - ZONA URBANA",ÁGUAS CLARAS,41310260,"724,725,726,727,754,757,760,772,789",9,3880
11,SALVADOR,ESCOLA MUNICIPAL CRIANÇA FELIZ,CONJUNTO HABITACIONAL METRÔ I S/N - ZONA URBANA,CALABETÃO,41290001,728.729,2,884
11,SALVADOR,COLÉGIO ESTADUAL SANTA RITA DE CÁSSIA,"RUA ZONA A, KM 13, BR 324 - ZONA URBANA",ÁGUAS CLARAS,41310493,"731,732,733,734,735,736,737,752,791",9,3982
11,SALVADOR,CENTRO MUNICIPAL DE EDUCAÇÃO INFANTIL CANTINHO DAS CRIANÇAS,"RUA DOUTOR JORGE COSTA ANDRADE, S/N - ZONA URBANA",ÁGUAS CLARAS,41310260,"730,738,739,740,741,742,743,744,745,746",10,4473
11,SALVADOR,ESCOLA MUNICIPAL ARTE E ALEGRIA,"VIA REGIONAL, S/N, LOTEAMENTO DANIEL LUZ, BAIXADA - ZONA URBANA",SETE DE ABRIL,41370035,747.748.749.750,4,1111
11,SALVADOR,ESCOLA ESTADUAL CÉLIA MATA PIRES,"RUA DIRETA DE SANTO INÁCIO, S/N - JARDIM SANTO INÁCIO - ZONA URBANA",JARDIM SANTO INÁCIO,41230580,"698,766,767,768,769,770,771",7,3118
11,SALVADOR,ESCOLA MUNICIPAL CONSELHEIRO LUIZ ROGÉRIO,"RUA PEDRO DOMIENSE DE OLIVEIRA, S/N - ZONA URBANA",CASTELO BRANCO,41321615,"492,493,494,495,496,497",6,2204
11,SALVADOR,COLÉGIO ESTADUAL VILA CANÁRIA,"RUA DIRETA DO YPIRANGA, N 59 - ZONA URBANA",VILA CANÁRIA,41390800,"666,667,668,669,670,671,672,673,676,678,751,756,759,762,773",15,6662
12,SALVADOR,ESCOLA ÔMEGA,"RUA GILBERTO FREYRE, S/N - ZONA URBANA",STELLA MARIS,41600590,"227,228,229,230,231,232,233,234,235,236,398,401,403,405,438,446,451,457",18,7952
12,SALVADOR,COLEGIO ESTADUAL VISCONDE DE MAUÁ,"AV ALIOMAR BALEEIRO, S/N - ZONA URBANA",SÃO CRISTÓVÃO,41500660,"238,239,240,241,242,243,244,437",8,3570
12,SALVADOR,ESCOLA BRIGADEIRO EDUARDO GOMES,RUA LAURO DE FREITAS 1 - ZONA URBANA,SÃO CRISTÓVÃO,41500190,"245,246,247,248,249,250,251",7,3134
12,SALVADOR,COLÉGIO ESTADUAL JOSÉ AUGUSTO TOURINHO DANTAS,FAZENDA CASSANGE KM 2 - ZONA URBANA,SÃO CRISTÓVÃO,40020000,"252,253,254,255,256,257,258,259,260,261,262,263,264,265,404",15,6671
12,SALVADOR,ESCOLA ESTADUAL MARECHAL MASCARENHAS DE MORAES,"AV. DORIVAL CAYMMI, S/N - VILA DOS EX-COMBATENTES - ZONA URBANA",ITAPUÃ,41635151,"266,267,268,269,270,271,272,273,274,275,276,277,278,279,280,449",16,7135
12,SALVADOR,COLÉGIO MARÍZIA MAIOR,"ALAMEDA PRAIA DE GUARATUBA, S/N - ZONA URBANA",STELLA MARIS,41600270,"237,281,287,288,289,290,291,292,293,294,477,479",12,5319
12,SALVADOR,COLÉGIO LINCE - CENTRO DE ESTUDOS DIRIGIDOS LTDA,"RUA DAS ACÁCIAS AMARELAS, N. 95 - ZONA URBANA",JARDIM DAS MARGARIDAS,41502310,"296,297,298,299,400,406,441,445,456,462,467,469,471",13,5731
12,SALVADOR,COLÉGIO ROTARY,LADEIRA DO ABAETÉ S/N - ZONA URBANA,ITAPUÃ,41610525,"202,203,204,205,206,207,208,209,210,211,212,213,214,215,216,217,218,219,220,221,222,223,224,225,226,295,300,301,
302,303,304,305,306,307,308,309,310,311,312,313,314",41,18027
12,SALVADOR,ESCOLA MUNICIPAL DA LAGOA DO ABAETÉ,"TRAVESSA PAULO AFONSO BAQUEIRO, N 17 - ZONA URBANA",NOVA BRASÍLIA DE ITAPUÃ,41630230,"315,316,317,318,319,320,321,322,323,397,442",11,4522
12,SALVADOR,COLÉGIO ESTADUAL GOVERNADOR LOMANTO JUNIOR,RUA PROFESSOR SOUZA BRITO S/N - ZONA URBANA,ITAPUÃ,41640380,"324,325,326,327,328,329,330,331,332,333,334,335,336,337,338,339,340,341,342,343,344,345,346,347,348,349,350,351",28,12355
12,SALVADOR,ESCOLA MUNICIPAL PEDRO VELOSO GORDILHO,"AV. ALIOMAR BALEEIRO, SN - ZONA URBANA",SÃO CRISTÓVÃO,41500660,"352,353,354,355,356,436",6,2667
12,SALVADOR,COLÉGIO ESTADUAL PROFESSORA HELENA MATHEUS,"RUA DA ADUTORA, S/N - ZONA URBANA",SÃO CRISTÓVÃO,41510771,"357,358,359,360,361,362,363,364,365,366,367,368,369,447,452",15,6712
12,SALVADOR,ESCOLA MUNICIPAL BARBOSA ROMEU,RUA SÃO PAULO S/N - ZONA URBANA,SÃO CRISTÓVÃO,41500110,"370,371,372,373,374,375,376,377,378,379,380,396",12,5353
12,SALVADOR,ESCOLA MUNICIPAL DE SÃO CRISTOVÃO,"RUA POÇO VERDE, S/N - CONJ. HABITACIONAL SÃO CRISTOVÃO - ZONA URBANA",SÃO CRISTÓVÃO,41500000,381.382.383.384.465,5,2014
12,SALVADOR,ESCOLA MUNICIPAL DO PARQUE SÃO CRISTOVÃO JOÃO FERNANDES CUNHA,"RUA DR. ÁLVARO PONTES BAHIA, QUADRA 24 - ZONA URBANA",PARQUE SÃO CRISTÓVÃO,41500610,"385,386,387,388,389,390,439,453",8,3572
12,SALVADOR,COLÉGIO ESTADUAL QUINZE DE NOVEMBRO,"RUA LAURO DE FREITAS, 13 - ZONA URBANA",SÃO CRISTÓVÃO,41500190,"391,392,393,394,399,402,448,458",8,3556
12,SALVADOR,CRAS - CENTRO DE REFERENCIA DA ASSISTÊNCIA SOCIAL,"RUA PRAIAS DO BRASIL, N 1, PRAÇA IOLANDA PIRES - ZONA URBANA",SÃO CRISTÓVÃO,40243000,395.443.463.468,4,1766
12,SALVADOR,ESCOLA MUNICIPAL MANUEL LISBOA,"RUA ANTONINO CASAES, N 199 - ZONA URBANA",ITAPUÃ,41635370,"407,408,409,410,411,412,444",7,3110
12,SALVADOR,ESCOLA ESTADUAL JENNY GOMES,RUA CARAPEBA SN VILA MILITAR DA AERONAUTICA - ZONA URBANA,ITAPUÃ,41610120,"413,414,415,416,417,418,419,420,421,422,440",11,4825
12,SALVADOR,ESCOLA MUNICIPAL CIDADE VITÓRIA DA CONQUISTA,"RUA NOSSA SENHORA DO AMPARO DE ITAPUÃ, Nº 1 - ZONA URBANA",ITAPUÃ,41600515,"423,424,425,426,427,428",6,2673
12,SALVADOR,ESCOLA ESTADUAL IEDA BARRADAS CARNEIRO,RUA BOM SUCESSO S/N - ZONA URBANA,ALTO DO COQUEIRINHO,41600000,"429,430,431,432,433,434,435",7,3127
12,SALVADOR,COLÉGIO SOPHIA,"RUA GENEBALDO FIGUEIREDO, 10 - ZONA URBANA",ITAPUÃ,41610180,"450,454,455,459,460,461,464,466",8,3545
12,SALVADOR,ESCOLA MUNICIPAL OSVALDO GORDILHO,"RUA SANTO AGOSTINHO, 203 - ZONA URBANA",SÃO CRISTÓVÃO,41500370,470.472,2,553
12,SALVADOR,ESCOLA MUNICIPAL JARDIM DAS MARGARIDAS,"RUA JOAQUIM FERREIRA, S/N - ZONA URBANA",JARDIM DAS MARGARIDAS,41502200,473.474,2,905
12,SALVADOR,ESCOLA GÊNESIS,"RUA CAPITÃO MELO, 185 - ZONA URBANA",STELLA MARIS,41600610,"282,283,284,285,286,478,481",7,2869
12,SALVADOR,ESCOLA MUNICIPAL 25 DE JULHO,"AV SÃO CRISTÓVÃO, 58 B - ZONA URBANA",SÃO CRISTÓVÃO,41510333,480,1,450
13,SALVADOR,ESCOLA NOSSA SENHORA DA LUZ,"RUA CEARÁ, Nº 852 - ZONA URBANA",PITUBA,41830451,"1,2,3,4,5,6,7,143,168,173",10,4420
13,SALVADOR,COLÉGIO SARTRE-COC - UNIDADE NOBEL,"RUA JOÃO VARELA, 184 - ZONA URBANA",ITAIGARA,41815070,"8,9,10,11,12,13,14,15,16,17,18,19,150,154,223,334",16,6358
13,SALVADOR,COLÉGIO BERNOULLI,"PRAÇA MARCONI, N 60 - ZONA URBANA",PITUBA,41810225,"20,21,22,23,110,111,114,118,119,120,178,183,184",13,5736
13,SALVADOR,COLÉGIO SÃO PAULO,"RUA LUIZ PORTELA DA SILVA, N 628 - ZONA URBANA",ITAIGARA,41815290,"37,38,39,40,41,42,43,44,45,46,47,48,147,152,157,162,224",17,6280
13,SALVADOR,ESCOLA RAPHAEL SERRAVALLE,"RUA GUILLARD MUNIZ, S/N - ZONA URBANA",PITUBA,41810110,"49,50,51,52,53,54,55,56,57,58,59,60,61,142,156,166,169,176,177",19,6488
13,SALVADOR,COLÉGIO SARTRE COC,"RUA REITOR MACEDO COSTA, 180 - ZONA URBANA",ITAIGARA,41815150,"68,69,70,71,72,73,145,163,171,175,203,211,214,217,225,328,332",17,6726
13,SALVADOR,COLÉGIO OFICINA,"RUA MIGUEL NAVARRO Y CANIZARES, N 423 - ZONA URBANA",PITUBA,41820210,"84,85,86,87,88,140,164,172,182,187,193,215,219,221,275,276,323",17,7288
13,SALVADOR,COLÉGIO INTEGRAL,"RUA FERNANDO MENEZES DE GÓES, 570 - ZONA URBANA",PITUBA,41810700,"89,90,91,92,93,94,95,96,97,144,324,331,333",13,5728
13,SALVADOR,ESCOLA GIRASSOL,"RUA SÍLVIO VALENTE, Nº 384 - ZONA URBANA",ITAIGARA,41815370,"98,99,100,101,102,103,104,105,106,107,108,109,146,153,158",15,5772
13,SALVADOR,COLÉGIO ANCHIETA,"PRAÇA PADRE ANCHIETA, N 126 - ZONA URBANA",PITUBA,41810830,"180,188,194,195,197,199,200,202,205,206,208,210,213,220,273,325,330",17,7511
13,SALVADOR,COLÉGIO ESTADUAL PROFESSOR CARLOS SANT'ANNA,RUA ALTO DOS COQUEIROS S/N - ZONA URBANA,NORDESTE DE AMARALINA,40315170,"226,227,228,229,230,231,232,233,234,235,236,237,238,271",14,5344
13,SALVADOR,COLÉGIO CARLOS CORREA DE MENEZES SANT'ANNA II,"RUA PARÁ, S/N, BECO DA CULTURA - ZONA URBANA",PITUBA,40315170,"239,240,241,242,243,244,245,246,247,248,249,250,251,252,253,254,255,256,257,258,338",21,7788
13,SALVADOR,ESCOLA DE 1. GRAU SÁTIRO DIAS,RUA PARÁ 346 - ZONA URBANA,PITUBA,41830070,"259,260,261,262,263,264,265,266,267,268,269,270,326",13,5467
13,SALVADOR,ESCOLA TEODORO SAMPAIO,RUA DOUTOR ARMANDO COLAVOLPE 265 - ZONA URBANA,SANTA CRUZ,41925025,"278,279,280,281,282,283,284,285,286,287,288,289,290,291,292,314,327,329",18,8047
13,SALVADOR,ESCOLA ESTADUAL POLIVALENTE DE AMARALINA,RUA PARÁ 221 BECO DA CULTURA - ZONA URBANA,PITUBA,41927000,"294,295,296,297,298,299,300,301,302",9,3989
13,SALVADOR,ESCOLA DE 1. GRAU GENERAL DIONÍSIO CERQUEIRA,RUA DO FUTURO S/N - ZONA URBANA,NORDESTE DE AMARALINA,41925490,"293,304,305,306,307,308,309,310,311,312,313",11,4759
13,SALVADOR,ESCOLA ESTADUAL DE 1. GRAU JOSÉ CALAZANS BRANDÃO DA SILVA,RUA DO FUTURO SN - ZONA URBANA,NORDESTE DE AMARALINA,41925490,"303,315,316,317,318,319,320,321,322",9,3337
13,SALVADOR,COLÉGIO MÓDULO,"AV. PROF. MAGALHÃES NETO, 1177 - ZONA URBANA",PITUBA,41810011,"335,336,337,339,340,345",6,2699
13,SALVADOR,FACULDADE BATISTA BRASILEIRA,"RUA ALTINO SERBETO DE BARROS, N 174 - ZONA URBANA",ITAIGARA,41830492,"112,113,115,116,117,121,122,123,124,125,126,141",12,4921
14,SALVADOR,ESCOLA MUNICIPAL NOVO HORIZONTE,"RUA ALBINO FERNANDES, S/N, FIM DE LINHA - ZONA URBANA",NOVO HORIZONTE,41218770,"235,236,237,238,239,240,241,242,243,244,462,619",12,5326
14,SALVADOR,ESCOLA ACELINO MAXIMINIANO DA ENCARNAÇÃO,"RUA FLÁVIO CAVALCANTE, S/N - ZONA URBANA",SUSSUARANA,41214490,"263,264,265,266,267,268,345",7,3124
14,SALVADOR,ESCOLA MUNICIPAL MANOEL FRANCISCO DO NASCIMENTO BRITO,"RUA PRAIA DE IPANEMA, S/N - ZONA URBANA",SUSSUARANA,41230970,269.270.271.272,4,1732
14,SALVADOR,COLÉGIO ESTADUAL HELENA MAGALHÃES,"RUA DIRETA DE TANCREDO NEVES, S/N - ZONA URBANA",TANCREDO NEVES,41205000,"273,274,275,276,277,278,279,280,281,282,283,284,285,286,410",15,6618
14,SALVADOR,CENTRO MUN. DE EDUCAÇÃO INFANTIL CECI ANDRADE,RUA FLÁVIO CAVALCANTE S/N - FIM DE LINHA - ZONA URBANA,SUSSUARANA,41214490,"341,342,343,344,637,643",6,2640
14,SALVADOR,ESCOLA ESTADUAL EDVALDO FERNANDES,"RUA PARAIBA, S/N - FIM DE LINHA - ZONA URBANA",TANCREDO NEVES,41207310,"346,347,348,349,350,351,352,353,354,355,356,642",12,5358
14,SALVADOR,ESCOLA MUNICIPAL MARIA DA CONCEIÇÃO SANTIAGO IMBASSAHY,"ESTRADA DAS BARREIRAS, S/N - ZONA URBANA",TANCREDO NEVES,41225160,"412,413,414,415,416,417,418,419,473",9,3957
14,SALVADOR,ESCOLA GLOBAL,"RUA ALBINO FERNANDES, N. 14 C - ZONA URBANA",SUSSUARANA,41215770,"420,421,422,423,457,461,464,620",8,3539
14,SALVADOR,INTERNAÇÃO - COMUNIDADE DE ATENDIMENTO SOCIOEDUCATIVO DE SALVADOR CASE,"AV. GUANABARA, 70 - ZONA URBANA",TANCREDO NEVES,41205080,465,1,32
14,SALVADOR,COLÉGIO ESTADUAL DEP. HERCULANO MENEZES,"R. HAROLDO CAÍNO, S/N (LADEIRA DE ACESSO À AV GAL COSTA) - ZONA URBANA",SUSSUARANA,41215820,445.446.447.448.627,5,2242
14,SALVADOR,ESCOLA MUNICIPAL ERALDO TINOCO,"AV. ULYSSES GUIMARÃES, - PRÓXIMO À CASA DO CAMINHO - ZONA URBANA",SUSSUARANA,41213000,"424,459,470,474,475,476,605,606,610,611,614,617,621,639",14,6174
14,SALVADOR,ESCOLA MUNICIPAL 22 DE ABRIL,"R. BAHIA, SN - ZONA URBANA",TANCREDO NEVES,41210000,"411,453,454,455,458,636",6,2556
14,SALVADOR,ESCOLA MUNICIPAL MANOEL DE ABREU,"RUA SÃO MARCOS, S/N - ZONA URBANA",SÃO MARCOS,41630160,613.624.628.633,4,1756
14,SALVADOR,ESCOLA MUNICIPAL DE SÃO MARCOS,"RUA SÃO MARCOS, 273 - ZONA URBANA",SÃO MARCOS,41630160,"500,501,502,503,504,505,615",7,3112
14,SALVADOR,COLÉGIO ESTADUAL DE 1 GRAU VALE DOS LAGOS,ESTRADA DAS MURIÇOCAS S/N CJ. HABIT VALE DOS LAGOS - ZONA URBANA,SÃO MARCOS,41250420,"507,508,509,510,511,512,513,514,515,516,517,518,519,520,521,522,523,524,525,526,527,528,529,539",24,9263
14,SALVADOR,ESCOLA ESTADUAL NORMA RIBEIRO,"2A TRAVESSA GILBERTO BARROS, 01 - ZONA URBANA",ARENOSO,41211840,"530,531,532,533,534,535,536,537,538,607,616",11,4907
14,SALVADOR,ESCOLA ESTADUAL LUÍS EDUARDO MAGALHÃES,"RUA MANOEL RUFINO, S/N - ZONA URBANA",ARENOSO,41205240,"540,541,542,543,544,545,546,547,548,549,550,551,552,553,651",15,6622
14,SALVADOR,ESCOLA MUNICIPAL DR. ORLANDO IMBASSAHY,"AVENIDA SÃO RAFAEL, S/N - ZONA URBANA",SÃO MARCOS,41253190,"554,555,556,557,558,559,560,561,562,563,564,565,641",13,5854
14,SALVADOR,COLÉGIO ESTADUAL DAVID MENDES PEREIRA,"CONJ COLINA DO MAR, VIA B-1, S/N - ZONA URBANA",SÃO MARCOS,41250520,"506,566,567,568,569,570,571,572,573,574,575,576,577,578,579,580,581,582,583,584",20,8847
14,SALVADOR,COLÉGIO ESTADUAL DE APLICAÇÃO ANÍSIO TEIXEIRA,"ESTRADA DAS MURIÇOCAS, S/N - ZONA URBANA",SÃO MARCOS,41250420,"585,586,587,588,589,590,591,592,593,594,595,596,597,598,599,600,601,602,603,604",20,6339
14,SALVADOR,ESCOLA MUNICIPAL MARIA DOLORES,"RUA SÃO PAULO, 56, LOT. ALTO DA BELA VISTA - ZONA URBANA",TANCREDO NEVES,41207220,"608,609,612,618,622,629,635",7,2677
14,SALVADOR,CENTRO EDUCACIONAL JOANA ANGÉLICA - CEJA,"RUA DIRETA DE TANCREDO NEVES, 42 - ZONA URBANA",TANCREDO NEVES,41205000,"623,625,626,630,631,632,634",7,3034
14,SALVADOR,ESCOLA NOSSA SENHORA DO CENÁCULO - FUNDAMENTAL II,"RUA DIRETA DO TANCREDO NEVES, N. 717 - ZONA URBANA",TANCREDO NEVES,41205000,"373,374,375,376,377,378,379,380,381",9,3405
14,SALVADOR,ESCOLA ESTADUAL MARIA AMÉLIA MENEZES SANTOS,"ALAMEDA ANTONIO CARLOS MAGALHÃES, S/N, ALTO DO COROADO - ZONA URBANA",SÃO MARCOS,41253260,"490,491,492,493,494,495,496,497,498,499",10,4226
14,SALVADOR,COLÉGIO BOM JESUS,"R. ROSINEIDE, 20 - ZONA URBANA",TANCREDO NEVES,41207300,364.365.366.367,4,1762
14,SALVADOR,CENTRO DE INTEGRAÇÃO FAMILIAR - CEIFAR,"R. DIRETA DE TANCREDO NEVES, 402-E - ZONA URBANA",TANCREDO NEVES,41205000,"368,369,370,371,372,449,450,451,452",9,4012
14,SALVADOR,CENTRO EDUCACIONAL CRÊ E SER,"AV. ULYSSES GUIMARÃES, 4512- EM FRENTE À CASA DAS LOUÇAS - ZONA URBANA",SUSSUARANA,41213000,"230,231,232,644,646,648,652",7,2608
14,SALVADOR,CENTRO EDUCACIONAL PINGO DE GENTE,"R. SÃO MARCOS, 122 - ZONA URBANA",SÃO MARCOS,41253281,"477,478,479,480,481,482",6,2631
14,SALVADOR,COLÉGIO ANA TERESA,"R. SÃO MARCOS, 38-E - ZONA URBANA",SÃO MARCOS,41253281,"483,484,485,486,487,488,489",7,3070
15,SALVADOR,CENTRO MUNICIPAL DE EDUCAÇÃO INFANTIL MOSA BERBERT,"RUA PADRE ANTONIO VIEIRA, S/N - ZONA URBANA",CAPELINHA DE SÃO CAETANO,40393000,313.315.316.327.534,5,1737
15,SALVADOR,ESCOLA MUNICIPAL EDUCADOR PAULO FREIRE,"TRAVESSA RIO BRANCO, 152 - ZONA URBANA",ARRAIAL DO RETIRO,41204045,"317,318,559,563,564,565",6,2562
15,SALVADOR,ESCOLA MUNICIPAL PROFESSOR ANTONIO CARVALHO GUEDES,"RUA DA GLÓRIA, N 143 - ZONA URBANA",CAPELINHA DE SÃO CAETANO,40395070,"319,320,321,322,323,324,325,326",8,3034
15,SALVADOR,ESCOLA ESTADUAL DALVA MATOS,ATERRO DO JOANES S/N - ZONA URBANA,LOBATO,40470690,"335,336,337,338,339,340,341,342,343,344,345,346,347,348,349",15,5380
15,SALVADOR,ESCOLA MUNICIPAL FRANCISCO MANGABEIRA,"AV NESTOR DUARTE, N 833 - ZONA URBANA",SÃO CAETANO,40391302,"328,329,330,359,360,361,516,561",8,2576
15,SALVADOR,COLÉGIO ESTADUAL ALBERTO CERQUEIRA,RUA ANA MARIANI BITTENCOURT S/N - ZONA URBANA,SÃO CAETANO,40395620,"362,363,364,365,366,367,368,369,370,371,372",11,3496
15,SALVADOR,ESCOLA DANTAS JÚNIOR,"LADEIRA DOS FIAIS, S/N - ZONA URBANA",LOBATO,40470340,"373,374,375,376,377,560",6,2354
15,SALVADOR,ESCOLA MUNICIPAL ENGENHEIRO GILBERTO PIRES MARINHO,"RUA JOÃO RODRIGUES MENDES, S/N - ZONA URBANA",BOA VISTA DO LOBATO,40480100,"384,385,386,387,388,389,390,391,533,562",10,4224
15,SALVADOR,ESCOLA MUNICIPAL ANTÔNIO CARLOS MAGALHÃES,RUA ANA MARIANI BITTENCOURT S/N - ZONA URBANA,SÃO CAETANO,40395620,"392,393,394,395,396,397",6,1539
15,SALVADOR,ESCOLA MUNICIPAL CONSUL SCHINDLER,"RUA PROFESSOR LEOPOLDO CAMPOS MONTEIRO, S/N - ZONA URBANA",SÃO CAETANO,40389010,398.401.404.406,4,1405
15,SALVADOR,COLÉGIO ESTADUAL DESEMBARGADOR PEDRO RIBEIRO,"RUA ANA MARIANE BITENCOURT, Nº 7 - ZONA URBANA",SÃO CAETANO,40395620,"408,409,410,411,412,413,414,415,416,417,418,419,420",13,4774
15,SALVADOR,ESCOLA TEREZA HELENA MATA PIRES,RUA DO CAJU 6 - ZONA URBANA,BOA VISTA DO LOBATO,40484440,"422,423,424,425,426,427,428,429,430,431,432",11,3570
15,SALVADOR,COLÉGIO ESTADUAL LUIZ PINTO DE CARVALHO,"RUA ANA MARIANE BITENCOURT, S/N - ZONA URBANA",SÃO CAETANO,40395620,"434,435,436,437,438,439,440,441,442,443,444,445,446,447,448,449,450,451,452,453,454",21,8491
15,SALVADOR,COLÉGIO ESTADUAL ASSIS CHATEAUBRIAND,RUA GÉRSON DE CARVALHO S/N - ZONA URBANA,SÃO CAETANO,40390040,"455,456,457,458,459,460,461,462,463,464,465,466",12,4641
15,SALVADOR,ESCOLA MUNICIPAL BARBOSA RODRIGUES,"TRAVESSA VITAN, S/N - ZONA URBANA",SÃO CAETANO,40395200,"378,379,380,381,382,383",6,1986
15,SALVADOR,ESCOLA DA ASSISTÊNCIA SOCIAL SAO JOSÉ,RUA PROMOTOR RAPOLD FILHO S/N - ZONA URBANA,BOA VISTA DE SÃO CAETANO,40385360,"468,469,470,471,472,473,474,517",8,2440
15,SALVADOR,ESCOLA MUNICIPAL XAVIER MARQUES (ANTIGA MUNICIPAL DO BOM JUÁ),RUA DIREITA DO BOM JUÁ S/N - ZONA URBANA,BOM JUÁ,40353290,"475,476,477,478,479,480,481,482,483",9,2345
15,SALVADOR,ESCOLA MUNICIPAL CORAÇÃO DE JESUS,"RUA DA MAMORANA, 31-A, BAIXA DO CACAU - ZONA URBANA",LOBATO,40470076,484.485.486.487.488,5,1600
15,SALVADOR,COLÉGIO ESTADUAL PROF. JOSÉ BARRETO DE ARAÚJO BASTOS,"RUA DO BAMBUÍ, S/N - ZONA URBANA",SÃO CAETANO,40390010,"421,467,489,490,491,492,493,494,495,496,497,498,499,500,501,502,503,504",18,6298
15,SALVADOR,ESCOLA MUNICIPAL HELENA MAGALHÃES,RUA OITO DE DEZEMBRO S/N - ZONA URBANA,BOA VISTA DE SÃO CAETANO,40387120,"407,505,506,507,508,509,510,511,512,513,514,515",12,5361
15,SALVADOR,ESCOLA ESTADUAL DR. AILTON PINTO DE ANDRADE,AV. JOANES CENTRO OESTE S/N - ZONA URBANA,LOBATO,40470346,"535,536,537,538,539,540,541,542,543,544",10,4436
15,SALVADOR,ESCOLA DE 1. GRAU PROFESSOR EDSON DE SOUZA CARNEIRO,LGO. DA ARGERAL S/N - ZONA URBANA,SÃO CAETANO,40391302,"545,546,547,548,549,550,551,552,553,554,555,556,557",13,4947
15,SALVADOR,PROFESSORA MARIA DE LOURDES SANTANA ALVES,"RUA PADRE ANTÔNIO VIEIRA, N 172 - ZONA URBANA",CAPELINHA DE SÃO CAETANO,40393000,331.332.333.334,4,1492
15,SALVADOR,CMEI ALTENFELDER,"RUA ATERRO DO JOANES S/N, LOBATO - ZONA URBANA",LOBATO,40470690,"433,518,519,520,521,522,523,524,525,526,527,528,529,530,531,532",16,6133
15,SALVADOR,ESCOLA MUNICIPAL EUFROSINA MIRANDA,"RUA ATERRO DO JOANES, 96, LOBATO - ZONA URBANA",LOBATO,40470690,"350,351,352,353,354,355,356,357,358",9,2892
16,SALVADOR,SECRETARIA DA SAÚDE DO ESTADO DA BAHIA,"QUARTA AVENIDA, S/N - ZONA URBANA",CENTRO ADMINISTRATIVO DA BAHIA,41746900,"1,2,3,4,5,6,7,8",8,2058
16,SALVADOR,ESCOLA MUNICIPAL NOVA SUSSUARANA,"RUA DAS MANGUEIRAS, N 7 - ZONA URBANA",SUSSUARANA NOVA,41213035,"9,10,11,12,13,14,15,16,17",9,2165
16,SALVADOR,SECRETARIA DE EDUCAÇÃO DO ESTADO DA BAHIA,"QUINTA AVENIDA, 550 - ZONA URBANA",CENTRO ADMINISTRATIVO DA BAHIA,41746900,"18,21,24,190",4,1337
16,SALVADOR,ESCOLA ESTADUAL DE PRIMEIRO GRAU RUTE PACHECO,"RUA RÉGIA BARRETO, S/N - ZONA URBANA",SUSSUARANA NOVA,41215030,"25,26,27,28,29,30,31,146,147,151,155",11,4141
16,SALVADOR,COLÉGIO ESTADUAL MAESTRO HEITOR VILA LOBOS,"CONJUNTO CABULA VI, S/N - ZONA URBANA",CABULA VI,41181045,"45,46,47,48,49,50,51,52,53,54,55,56,57,58,160",15,6600
16,SALVADOR,ESCOLA ESTADUAL ELIZABETE CHAVES VELOSO,"RUA TEÓDULO ALBUQUERQUE, S/N - ZONA URBANA",CABULA VI,41180620,"89,90,91,92,93,94,95,96,97,98",10,4466
16,SALVADOR,ESCOLA MUNICIPAL DEPUTADO GERSINO COELHO,"CONJUNTO DORON, S/N - ZONA URBANA",SABOEIRO,41180400,"164,172,178,184,191,198,203,205,213,217,218,227,230,236,241,253,274",17,6915
16,SALVADOR,ESCOLA DEMOCRÁTICA ESTADUAL DE PRIMEIRO GRAU BOLIVAR SANTANA,"TERCEIRA AVENIDA, 350 - ZONA URBANA",CENTRO ADMINISTRATIVO DA BAHIA,41745005,"175,188,199,208,229,266,277,298",8,2203
16,SALVADOR,TRIBUNAL REGIONAL ELEITORAL DO ESTADO DA BAHIA,"PRIMEIRA AVENIDA, 150 - CENTRO ADMINISTRATIVO DA BAHIA",CENTRO ADMINISTRATIVO DA BAHIA,41745001,211.261.284.517.536,5,2019
16,SALVADOR,ESCOLA MUNICIPAL JESUS DE NAZARÉ,"RUA RUBENS ZARDIVAL, S/N, FIM DE LINHA - ZONA URBANA",SUSSUARANA NOVA,41215000,223.240.250.258.268,5,1906
16,SALVADOR,ESCOLA MUNICIPAL DO ALTO DA CACHOEIRINHA NELSON MALEIRO,"ESTRADA DA CACHOEIRINHA, S/N - ZONA URBANA",CABULA VI,41181057,301.359.360.362.523,5,1924
16,SALVADOR,CENTRO EDUCACIONAL CREMILDA AZEVEDO - CECA,"AVENIDA HILDA, 37-A - ZONA URBANA",PERNAMBUÉS,41110200,363.364.365.366.367,5,2220
16,SALVADOR,ESCOLA MUNICIPAL DE PERNAMBUÉS,"AVENIDA SÃO PAULO, S/N - ZONA URBANA",PERNAMBUÉS,41185270,"368,369,370,371,372,373,374,375,509,513,518,524",12,5364
16,SALVADOR,ESCOLA HILDETE BAHIA SOUZA,"RUA BOTUPORÃ, QUADRA 2, CHÁCARA PERSEVERANÇA, S/N - ZONA URBANA",PERNAMBUÉS,41100060,"376,377,378,379,380,381,382,383,384,385,386,387,388,389,390,391,392",17,5218
16,SALVADOR,COLÉGIO ESTADUAL KLEBER PACHECO,"RUA NUMA POMPÍLIO BITTENCOURT, S/N - ZONA URBANA",PERNAMBUÉS,41100170,"393,394,395,396,397,398,399,400,401,402,403,404,405,406,481",15,6679
16,SALVADOR,ESCOLA PROFESSORA MARIINHA TAVARES,"RUA PIRAPORA, S/N, JARDIM BRASÍLIA - ZONA URBANA",PERNAMBUÉS,41100260,"407,408,409,410,411,412,413,414,415,416,417,418,419,420,421,422,423",17,5084
16,SALVADOR,ESCOLA MUNICIPAL TOMAZ GONZAGA,"RUA TOMAZ GONZAGA, S/N - ZONA URBANA",PERNAMBUÉS,41100000,"424,425,426,427,428,429,430,431",8,3253
16,SALVADOR,ESCOLA ALIOMAR BALEEIRO,"RUA SATURNO, S/N - ZONA URBANA",PERNAMBUÉS,41110070,"432,433,434,435,436,437,438,439,440,441,442,443,444,445,446,447,448,449,450,451,452,453,454,455,456,457,458,459,
460,461",30,13215
16,SALVADOR,CENTRO SOCIAL URBANO DOS PERNAMBUÉS,"RUA THOMAZ GONZAGA, S/N - ZONA URBANA",PERNAMBUÉS,41100000,"463,464,465,466,467,468,469,470,497",9,3933
16,SALVADOR,COLÉGIO DARCY RIBEIRO,"RUA TOMAZ GONZAGA, N 76 - ZONA URBANA",PERNAMBUÉS,41100183,"471,472,473,494,495,496,520,525",8,3213
16,SALVADOR,ESCOLA ESTADUAL DE 1º GRAU GOVERNADOR OTÁVIO MANGABEIRA,"BECO DA CORUJA, S/N - ZONA URBANA",SABOEIRO,41180710,"474,475,476,477,478,479,511,512,514,515,519,522,526,527,529,531,537",17,7408
16,SALVADOR,CENTRO EDUCACIONAL MARIA JOSÉ,"RUA RENATO CINCURÁ, 17 - ZONA URBANA",PERNAMBUÉS,41110010,"482,483,484,485,486,487,488,489,490,491,492,493",12,5196
16,SALVADOR,ESCOLA MUNICIPAL CANABRAVA,"RUA ARTEMIO CASTRO VALENTE, N 1496 - ZONA URBANA",CANABRAVA,41260300,498.499.500.501.502,5,2216
16,SALVADOR,ESCOLA COMUNITÁRIA DE CANABRAVA,"RUA BEM TE VI, S/N - ZONA URBANA",CANABRAVA,41260280,"503,504,505,506,507,508,510,516,521",9,3991
16,SALVADOR,CRECHE E PRÉ ESCOLA PRIMEIRO PASSO CANABRAVA,"RUA TRÊS MANGUEIRAS, S/N - ZONA URBANA",CANABRAVA,41260330,530.535.538,3,1221
17,SALVADOR,ESCOLA MACHADO DE ASSIS,"RUA DOS FERROVIÁRIOS, 139 - ZONA URBANA",SÃO JOÃO DO CABRITO,40490208,"287,288,289,290,291,344",6,1708
17,SALVADOR,ESCOLA MUNICIPAL MANOEL FAUSTINO,"RUA JOÃO CARMO SOUZA, N. 72 - ZONA URBANA",ITACARANHA,40713070,"293,294,295,296,297,298,299,300",8,3049
17,SALVADOR,ESCOLA SÃO BRAZ,RUA ÚRSULA CATARINO 36 - ZONA URBANA,PLATAFORMA,40710680,"301,302,303,304,305,306,307,346",8,2643
17,SALVADOR,ESCOLA ÚRSULA CATARINO,"RUA ÚRSULA CATARINO, 48 - ZONA URBANA",PLATAFORMA,40710680,"310,311,312,313,314,315,322",7,2887
17,SALVADOR,ESCOLA MUNICIPAL ANDRÉ REBOUÇAS,"RUA SÁ OLIVEIRA, 115 - ZONA URBANA",SÃO JOÃO DO CABRITO,40490244,"316,317,318,319,320,323",6,1575
17,SALVADOR,ESCOLA DE 1. GRAU DOUTOR LUIZ ROGÉRIO DE SOUZA,CONJUNTO BAÍA DE TODOS OS SANTOS RUA D QUADRA 6 - ZONA URBANA,PLATAFORMA,40715110,"326,327,328,329,330,331,332,333,334,345",10,3945
17,SALVADOR,COLÉGIO ESTADUAL PLATAFORMA,"RUA NOVA BRASÍLIA, 32 - ZONA URBANA",PLATAFORMA,40710590,"308,335,336,337,338,339,340",7,3121
17,SALVADOR,ESCOLA ESTADUAL IVONE VIEIRA LIMA,"RUA JAIME VIEIRA LIMA, S/N - BOIADEIRO - ZONA URBANA",PLATAFORMA,40490005,347.348.554.563.575,5,2037
17,SALVADOR,COLÉGIO ESTADUAL PROFESSOR ARISTIDES DE SOUZA OLIVEIRA,"RUA DOS FERROVIÁRIOS, S/N - ZONA URBANA",SÃO JOÃO DO CABRITO,40490208,"325,349,350,351,352,353,354,355,356,357,358,359,360,396,562,570,571",17,4796
17,SALVADOR,ESCOLA RIBEIRO DE ARAUJO,"RUA VINTE E QUATRO DE OUTUBRO, 120 - ZONA URBANA",PLATAFORMA,40710760,361.362.363.364.365,5,2012
17,SALVADOR,ESCOLA ESTADUAL DEMOCRÁTICO BERTHOLDO CIRILO DOS REIS,"ESTRADA DO CABRITO, 80-E - ZONA URBANA",PLATAFORMA,40717440,"377,378,379,380,381,382,383,384,385,386,387,388,389,390,391,392,393,394,395,560",20,8945
17,SALVADOR,ESCOLA PADRE NORBERTO,"RUA PADRE NORBERTO RODRIGUES, S/N - ZONA URBANA",ALTO DO CABRITO,40485770,"309,397,398,399,400,401,402,403,404,406,407,555",12,5130
17,SALVADOR,ESCOLA JOAQUIM MAGALHÃES,"RUA DO CURRALINHO, S/N - ZONA URBANA",ITACARANHA,40715190,"409,410,411,412,413,414,415,559,568",9,3625
17,SALVADOR,ESCOLA DE 1. GRAU JOSIAS DE ALMEIDA MELO,RUA JOSÉ JOAQUIM ALVES 1 CJ. HABITACIONAL SR. DO BONFIM - ZONA URBANA,ITACARANHA,40715100,"416,417,418,419,420,421,422,423,424",9,4016
17,SALVADOR,COLÉGIO ESTADUAL CLÉRISTON ANDRADE,"RUA SERGIMIRIM, S/N - ZONA URBANA",ITACARANHA,40713295,"425,426,427,428,429,430,431,432,433,434,435,436,437,438,439,440,441,442,443,444,445,446,447,454",24,10710
17,SALVADOR,ESCOLA DOUTOR EDUARDO DOTO,"RUA PEDRO GORDILHO, N 335 - ZONA URBANA",PRAIA GRANDE,40725355,"448,449,450,451,452,455",6,2349
17,SALVADOR,ESCOLA MUNICIPAL DURVAL PINHEIRO,"PRIMEIRA TRAVESSA DA TEREZINHA, S/N - ZONA URBANA",ALTO DA TEREZINHA,40711120,456.457.458.459.557,5,2081
17,SALVADOR,ESCOLA MUNICIPAL DE PERIPERI,"RUA DA METALURGICA, 1 - ZONA URBANA",PERIPERI,40740170,"408,461,463,465,467,469,471,473,475",9,3054
17,SALVADOR,ESCOLA ESTADUAL PROFESSORA MARIA ANITA,"CONJUNTO COLINAS DE PERIPERI II, S/N - ZONA URBANA",PERIPERI,40725630,"477,478,479,480,481,482,483,484,485,486,487,558",12,5358
17,SALVADOR,COLÉGIO ESTADUAL PRAIA GRANDE,"RUA ROSALVO BARBOSA ROMEU, S/N - ZONA URBANA",PERIPERI,40720550,"453,488,489,490,491,492,493,494,495,496,497,498,499,500,501,502,503,504,505,506,507,508,509,510,561,567",26,11259
17,SALVADOR,ESCOLA MIRANTES DE PERIPERI,"RUA DO CURIÓ, S/N - ZONA URBANA",MIRANTES DE PERIPERI,40720272,"511,512,513,514,515,516,517,518,519",9,3889
17,SALVADOR,ESCOLA MUNICIPAL SENHOR DO BONFIM,"CONJUNTO SENHOR DO BONFIM, RUA A, QD 5, S/N - ZONA URBANA",PLATAFORMA,40715805,"520,521,522,523,524,525,526,527,528,529,530,566",12,4737
17,SALVADOR,ESCOLA MUNICIPAL D EUGÊNIO DE ARAÚJO SALES,"RUA AMBRÓSIO CALMON, N 15 - ZONA URBANA",PERIPERI,40725630,531.533.535.537,4,1401
17,SALVADOR,ESCOLA SARA VIOLETA DE MELLO KÉRTESZ,RUA GETÚLIO VARGAS S/N - ZONA URBANA,ALTO DA TEREZINHA,40713180,"538,539,540,541,542,543,544,545,546,547,548,549",12,5364
17,SALVADOR,ESCOLA MUNICIPAL MANOEL HENRIQUE DA SILVA BARRADAS,"RUA DO OURICURI, N 150 - ZONA URBANA",ILHA AMARELA,40715250,"550,551,552,564,569,574",6,2425
17,SALVADOR,ESCOLA MUNICIPAL AGRIPINIANO DE BARROS,"RUA PEDRO LOPES, SN - ZONA URBANA",PRAIA GRANDE,40725110,553.565,2,804
17,SALVADOR,CENTRO MUNICIPAL DE EDUCAÇÃO INFANTIL DEPUTADO LOURIVAL EVANGELISTA,RUA URÇULA CATARINO S/N - ZONA URBANA,PLATAFORMA,40710680,341.342.343.556.578,5,1941
17,SALVADOR,ESCOLA MUNICIPAL SANTA TEREZINHA,RUA DIRETA DA TEREZINHA,ALTO DA TEREZINHA,41711160,576,1,228
18,SALVADOR,COLÉGIO ESTADUAL DUQUE DE CAXIAS,"RUA LIMA E SILVA, S/N - ZONA URBANA",LIBERDADE,40375016,"1,2,3,4,5,6,7,8,9,10,11,12,13,14,15,16,17,18,19,20,159,178,179,183,185,186,187,190,192,311,320,491,495",33,14007
18,SALVADOR,COLÉGIO ADVENTISTA DA LIBERDADE,"ESTRADA DA LIBERDADE, 257 - ZONA URBANA",LIBERDADE,40375017,"105,106,107,108,109,110,111,135,136,137,138,153,157,167,180,189,313",17,5226
18,SALVADOR,COLÉGIO ESTADUAL TEREZA CONCEIÇÃO MENEZES,"RUA DIRETA DO CURUZU, S/N - ZONA URBANA",LIBERDADE,40365000,"120,121,122,123,124,125,126,127,128,129,130,131,132,133,134,174,315",17,6542
18,SALVADOR,ESCOLA MUNICIPAL NOSSA SENHORA DE NAZARÉ (ABRIGO DOS FILHOS DO POVO),"RUA DO QUEIMADO, 17 - ZONA URBANA",LIBERDADE,40325260,"21,22,23,95,96,149,150,152,155,158,160,163,164,166,175,181,191,195",18,7699
18,SALVADOR,ESCOLA ESTADUAL PIERRE VERGER,"RUA LIMA E SILVA, SN - ZONA URBANA",LIBERDADE,40375017,"197,199,200,201,202,203,204,319",8,3555
18,SALVADOR,CEEPS ANÍSIO TEIXEIRA,"LADEIRA DO PAIVA, N 40 - ZONA URBANA",CAIXA D'ÁGUA,40320710,"321,322,323,324,325,326,327,328,329,330,331,332,333,334,335,336,337,338,339,340,341,342,343,344,426",25,6341
18,SALVADOR,ESCOLA MUNICIPAL PIRAJÁ DA SILVA,"ESTRADA DA LIBERDADE, 357 - ZONA URBANA",LIBERDADE,40375017,"345,346,347,348,349,350,351,352,353,405",10,3602
18,SALVADOR,ESCOLA MUNICIPAL VILA VICENTINA,"LARGO DA LAPINHA, 7, LAPINHA- URBANA",LAPINHA,40325220,"354,357,360,363,366,369,372,375",8,2910
18,SALVADOR,ETE LUIZ NAVARRO DE BRITO,"RUA DO QUEIMADINHO, S/N - ZONA URBANA",LAPINHA,40325260,"376,378,380,382,384,386,388,390,392,394,396,398,400,402,404,427",16,5659
18,SALVADOR,CONVENTO NOSSA SENHORA DA SOLEDADE,RUA AUGUSTO GUIMARÃES 736 - ZONA URBANA,SOLEDADE,40325036,"408,409,410,411,412,425",6,1843
18,SALVADOR,ESCOLA PARQUE - CLASSE IV,"RUA SALDANHA MARINHO,194 - ZONA URBANA",CAIXA D'ÁGUA,40323010,"407,413,414,415,416,417,418,419,420,421,422,423,424",13,4921
18,SALVADOR,ESCOLA ESTADUAL ANÍSIO TEIXEIRA,"LADEIRA DO PAIVA, 40 - ZONA URBANA",CAIXA D'ÁGUA,40320710,"428,429,432,434,436,438",6,2331
18,SALVADOR,ESCOLA CASTRO ALVES,RUA BARÃO DE COTEGIPE 163 - ZONA URBANA,MARES,40445001,"439,440,441,442,443,444,445,446,447,448,449,450,451",13,3449
18,SALVADOR,ESCOLA MUNICIPAL TIRADENTES,"RUA JARDIM CASTRO ALVES, 68 - ZONA URBANA",CAMINHO DE AREIA,40440520,"452,453,454,455,456,457",6,1979
18,SALVADOR,ESCOLA ABÍLIO CÉSAR BORGES,AV. LUIZ TARQUÍNIO 6 LGO. DE ROMA - ZONA URBANA,ROMA,40414120,"458,459,460,464,466,468,470,490",8,3219
18,SALVADOR,SESI COMENDADOR BERNARDO MARTINS CATHARINO,AV. TIRADENTES 1454 - ZONA URBANA,CAMINHO DE AREIA,40440000,"472,473,476,478,480,482,484,486,488,489",10,3513
19,SALVADOR,COLÉGIO ESTADUAL PROFESSORA LEILA RUBENS FONSECA,RUA E SETOR J S/N - ZONA URBANA,MUSSURUNGA II,41480085,"35,36,37,38,39,40,41,151,174,188",10,3990
19,SALVADOR,ESCOLA DE 1. GRAU PADRE PALMEIRA,RUA P SETOR G S/N - ZONA URBANA,MUSSURUNGA I,41510180,"42,43,44,45,46,47,48,49,50,51,52,147,154,167,181",15,4384
19,SALVADOR,ESCOLA TÉCNICA ESTADUAL NEWTON SUCUPIRA,"RUA M, SETOR F, CAMINHO 12, S/N - ZONA URBANA",MUSSURUNGA I,41490222,"63,64,65,66,67,68,69,70,71,72,73,74,140,150,157,173,198,204,212",19,7580
19,SALVADOR,CRECHE E PRÉ-ESCOLA MUNICIPAL PRIMEIRO PASSO DE NOVA BRASÍLIA,"RUA PAULO SÉRGIO, S/N - ZONA URBANA",NOVA BRASÍLIA,41350520,"216,256,307,509,540,549",6,2675
19,SALVADOR,ESCOLA ESTADUAL RAUL SÁ,"RUA C, SETOR C, S/N - ZONA URBANA",MUSSURUNGA I,41490000,"226,230,236,249,250,257,263,269,278,285,519,543",12,5346
19,SALVADOR,ESCOLA MUNICIPAL DE NOVA ESPERANÇA ARX TOURINHO,"RUA CASTRO ALVES, 1 - NOVA ESPERANÇA - ZONA URBANA",CEASA,41402400,"238,242,243,244,273,304,305,325,513,528,538",11,4642
19,SALVADOR,COLÉGIO ESTADUAL PINTO DE AGUIAR,"RUA C, SETOR C, S/N - ZONA URBANA",MUSSURUNGA I,41510190,"293,309,326,457,508,525,535,544,550,813",10,4337
19,SALVADOR,INTERNAÇÃO - FUNDAÇÃO DA CRIANÇA E DO ADOLESCENTE - CASE CIA,"R. PRINCIPAL, S/N, JARDIM CAMPO VERDE, EST. CIA AEROPORTO, CEASA",CEASA,41402130,800,1,26
19,SALVADOR,ESCOLA MUNICIPAL 2 DE JULHO,"RUA AYMORÉ MOREIRA, N 9999- ZONA URBANA",TROBOGY,41745038,"318,319,452,461,505,514,526,532,537",9,4044
19,SALVADOR,ESCOLA BOSQUE DAS BROMÉLIAS,"CIA AEROPORTO, CD BQ DAS BROMÉLIAS,R JOAQUIM FEREIRA, SN - ZONA URBANA",CASSANGE,41505050,322.507,2,744
19,SALVADOR,ESCOLA ESTADUAL LUIZ JOSÉ DE OLIVEIRA,"RUA H, VIA COLETORA B, S/N, FAZENDA GRANDE I - ZONA URBANA",BOCA DA MATA,41340100,"328,329,330,331,332,333,334,335,336,455,522",11,4573
19,SALVADOR,COLÉGIO ESTADUAL VERA LUX,"RUA NELSON LACERDA KM 7,5 S/N - ZONA URBANA",NOVA BRASÍLIA,40010000,"337,338,339,340,341,342,343,344,345,346,347,360,456",13,5838
19,SALVADOR,COLÉGIO ESTADUAL OLIVEIRA BRITTO,FAZENDA GRANDE II QUADRA E S/N - ZONA URBANA,BOCA DA MATA,41340140,"348,349,350,351,352,353,354,355,356,357,358,448,516,536",14,6263
19,SALVADOR,COLÉGIO ESTADUAL PADRE JOSÉ VASCONCELOS,"EVA KM 6,5 RUA SIMONE BARRADAS - ZONA URBANA",JARDIM NOVA ESPERANÇA,41370170,"361,362,363,364,365,366,367,368,369,400",10,4495
19,SALVADOR,COLÉGIO ESTADUAL EDUARDO BAHIANA,"EST. DO COQUEIRO GRANDE, FAZENDA GRANDE II - ZONA URBANA",CAJAZEIRAS,41343855,"359,370,371,372,373,374,375,376,377,378,379,380,381,382,383,384,385,386,387,388,389,450,529,534,806",25,10357
19,SALVADOR,ESCOLA MUNICIPAL ADAUTO PEREIRA DE SOUZA,"RUA SÃO JOSÉ S/N, EVA - ZONA URBANA",NOVA BRASÍLIA,41350160,"390,391,392,393,394,395,396,542",8,3593
19,SALVADOR,ESCOLA MUNICIPAL CRISTO REI,"VIA COLETORA B, FAZENDA GRANDE II, S/N - ZONA URBANA",BOCA DA MATA,41340140,397.398.460.531.803,5,2140
19,SALVADOR,ESCOLA MUNICIPAL PROFESSORA ELISA SALDANHA,FIM DE LINHA DE FAZENDA GRANDE III S/N - ZONA URBANA,CAJAZEIRAS,41340030,"401,402,403,404,405,814",6,2575
19,SALVADOR,ESCOLA MUNICIPAL DRA. CECY ANDRADE,"EST. DO COQUEIRO GRANDE, S/N, SETOR 1, FAZENDA GRANDE IV - ZONA URBANA",CAJAZEIRAS,41340060,"411,412,413,414,453,510",6,2689
19,SALVADOR,ESCOLA MUNICIPAL NOVO MAROTINHO,"EVA KM 5,5 - ZONA URBANA",NOVO MAROTINHO,41388006,"399,415,416,417,418,419,420,546",8,3114
19,SALVADOR,ESCOLA MUNICIPAL IRMÃ ELISA MARIA,"RUA DIVALDO PEREIRA FRANCO, S/N - ZONA URBANA",NOVA BRASÍLIA,40300480,"421,422,423,424,425,811",6,2440
19,SALVADOR,COLÉGIO ESTADUAL DONA LEONOR CALMON,EST. DO COQUEIRO GRANDE S/N FAZENDA GRANDE II - ZONA URBANA,CAJAZEIRAS,41340050,"426,427,428,429,430,431,432,433,434,435,436,437,438,439,440",15,6718
19,SALVADOR,ESCOLA MUNICIPAL ULYSSES GUIMARÃES,RUA C QUADRA C SETOR 2 FAZENDA GRANDE II - ZONA URBANA,CAJAZEIRAS,41340300,"410,441,442,443,444,445,446,447,523",9,3202
19,SALVADOR,ESCOLA MUNICIPAL PROFESSORA IRENE DA SILVA COSTA SANTOS,"RUA SIMONE BARRADAS, LOTE 24/ 25 - ZONA URBANA",JARDIM NOVA ESPERANÇA,41370170,"449,451,459,511,527,548,804,815",8,3344
19,SALVADOR,ESCOLA MUNICIPAL DA FAZENDA GRANDE II,"VIA LOCAL C, S/N, FAZENDA GRANDE II - ZONA URBANA",CAJAZEIRAS,41330010,"454,504,512,515,530,812",6,2531
19,SALVADOR,ESCOLA MUNICIPAL PROFESSOR MANOEL DE ALMEIDA CRUZ,"RUA E, QD F - ZONA URBANA",CAJAZEIRAS XI,41341350,"462,463,464,506,524,552",6,2429
19,SALVADOR,COLÉGIO ESTADUAL PROF. NELSON BARROS,"RUA C, QUADRA C, SETOR 1, S/N - ZONA URBANA",CAJAZEIRAS X,41330000,"465,466,467,468,469,470,471,472,473,474,475,518,541",13,5848
19,SALVADOR,ESCOLA MUNICIPAL MARIA ANTONIETA ALFARANO,"LARGO DO CABO VERDE, S/N - ZONA URBANA",CAJAZEIRAS XI,41245130,"476,477,478,479,521,802",6,2425
19,SALVADOR,ESCOLA MUNICIPAL DE CAJAZEIRAS XI,"RUA JORNALISTA JOSÉ CURVELLO, 419 (RETORNO DO PONTO XI) - ZONA URBANA",CAJAZEIRAS XI,41330030,"480,482,483,484,485,486,487,488,489,490,491,517",12,5106
19,SALVADOR,COLÉGIO ESTADUAL DONA MORA GUIMARÃES,"RUA C, QUADRA C, SETOR 2, FAZENDA GRANDE I - ZONA URBANA",CAJAZEIRAS,41340100,"492,493,494,495,496,497,498,499,500,501,502,503,520,539,545,808",16,7153
19,SALVADOR,COLÉGIO ESTADUAL DE NOVA ESPERANÇA,"RUA VITÓRIA DA CEASA, S/N - ZONA URBANA",CEASA,41400025,"272,533,547,551,801,809",6,2546
19,SALVADOR,ESCOLA MUNICIPAL CORAÇÃO DE MARIA,"RESIDENCIAL CORAÇÃO DE MARIA, ESTR. DAS PEDREIRAS, S/N, CASSANGE",CASSANGE,41410003,810,1,61